INSERT INTO public.users (
        id,
        username,
        email,
        "password",
        "type",
        created_at,
        updated_at,
        display_name
    )
VALUES(
        1,
        'Tom Chan',
        'tom@gmail.com',
        'admin',
        'student',
        '2023-01-18 12:18:49.673',
        '2023-01-18 12:18:49.673',
        NULL
    );
INSERT INTO public.users (
        id,
        username,
        email,
        "password",
        "type",
        created_at,
        updated_at,
        display_name
    )
VALUES(
        2,
        'Mary Chan',
        'mary@gmail.com',
        'admin',
        'student',
        '2023-01-18 12:18:49.674',
        '2023-01-18 12:18:49.674',
        NULL
    );
INSERT INTO public.users (
        id,
        username,
        email,
        "password",
        "type",
        created_at,
        updated_at,
        display_name
    )
VALUES(
        3,
        'Peter Wong',
        'peter@gmail.com',
        'admin',
        'teacher',
        '2023-01-18 12:18:49.675',
        '2023-01-18 12:18:49.675',
        NULL
    );
INSERT INTO public.users (
        id,
        username,
        email,
        "password",
        "type",
        created_at,
        updated_at,
        display_name
    )
VALUES(
        4,
        'Billy Wong',
        'billy@gmail.com',
        'admin',
        'teacher',
        '2023-01-18 12:18:49.676',
        '2023-01-18 12:18:49.676',
        NULL
    );
INSERT INTO public.users (
        id,
        username,
        email,
        "password",
        "type",
        created_at,
        updated_at,
        display_name
    )
VALUES(
        7,
        'admin',
        'admin@gmail.com',
        'admin',
        'teacher',
        '2023-01-18 12:18:49.676',
        '2023-01-18 12:18:49.676',
        NULL
    );
INSERT INTO public.users (
        id,
        username,
        email,
        "password",
        "type",
        created_at,
        updated_at,
        display_name
    )
VALUES(
        8,
        'abc',
        'abc@gmail.com',
        'abc',
        'student',
        '2023-01-25 00:44:05.017',
        '2023-01-25 00:44:05.017',
        NULL
    );
INSERT INTO public.users (
        id,
        username,
        email,
        "password",
        "type",
        created_at,
        updated_at,
        display_name
    )
VALUES(
        19,
        '123',
        'abc@gmail.com',
        '$2a$04$qo7dDRw.m8UgS6txK8IemuELs8hyQRpxjNMnEdf98Hpv9fTexnGU2',
        NULL,
        '2023-01-25 02:47:22.162',
        '2023-01-25 02:47:22.162',
        NULL
    );
INSERT INTO public.users (
        id,
        username,
        email,
        "password",
        "type",
        created_at,
        updated_at,
        display_name
    )
VALUES(
        20,
        '123',
        'abc@gmail.com',
        '$2a$04$XSJxHYcl8JTcL.Y1P1CS7.trYP1NRQVzxDKQuXc7Bgy5/oA1YHOMS',
        NULL,
        '2023-01-25 02:47:37.558',
        '2023-01-25 02:47:37.558',
        NULL
    );
INSERT INTO public.users (
        id,
        username,
        email,
        "password",
        "type",
        created_at,
        updated_at,
        display_name
    )
VALUES(
        21,
        '123',
        'abc@gmail.com',
        '$2a$04$zk2Slql/DPDUTcNTS9tLd.oVOpL6kUvlVtOYg8cXO/1NiG2nRoAu2',
        NULL,
        '2023-01-25 02:50:39.354',
        '2023-01-25 02:50:39.354',
        NULL
    );
INSERT INTO public.users (
        id,
        username,
        email,
        "password",
        "type",
        created_at,
        updated_at,
        display_name
    )
VALUES(
        22,
        '123',
        'abc@gmail.com',
        '$2a$04$3XdwapX9okjaEFx0F41Ks.3VVNXD.x9/qRM.zX6osGpCWgi2fztqa',
        NULL,
        '2023-01-25 12:29:42.220',
        '2023-01-25 12:29:42.220',
        NULL
    );
INSERT INTO public.users (
        id,
        username,
        email,
        "password",
        "type",
        created_at,
        updated_at,
        display_name
    )
VALUES(
        23,
        '123',
        'abc@gmail.com',
        '$2a$04$VSlPKsMcteOvH6Lu.AuD5OLEXgtdoUPYjIPXU4FLP0I10EM5tD4qa',
        NULL,
        '2023-01-25 12:29:44.098',
        '2023-01-25 12:29:44.098',
        NULL
    );
INSERT INTO public.users (
        id,
        username,
        email,
        "password",
        "type",
        created_at,
        updated_at,
        display_name
    )
VALUES(
        24,
        '123',
        'abc@gmail.com',
        '$2a$04$LVqqjr/pgigGqU.rDXTCLeC5B7ktBLpl/MSgFwDWhueDMJbBg2T.m',
        NULL,
        '2023-01-25 12:29:59.326',
        '2023-01-25 12:29:59.326',
        NULL
    );
INSERT INTO public.users (
        id,
        username,
        email,
        "password",
        "type",
        created_at,
        updated_at,
        display_name
    )
VALUES(
        25,
        '123',
        'abc@gmail.com',
        '$2a$04$QsyvWZ8AhxRsu3tfXmu6Oug1HReLM1/TSc2xM9NZDUk4iWs4ytFnO',
        NULL,
        '2023-01-25 12:30:14.577',
        '2023-01-25 12:30:14.577',
        NULL
    );
INSERT INTO public.users (
        id,
        username,
        email,
        "password",
        "type",
        created_at,
        updated_at,
        display_name
    )
VALUES(
        26,
        '123',
        'abc@gmail.com',
        '$2a$04$KgucdaIF4sux716wkO/C8.gIKo06LV2KHqHLLJDuUkZO2W9bqRtnW',
        NULL,
        '2023-01-25 12:30:22.521',
        '2023-01-25 12:30:22.521',
        NULL
    );
INSERT INTO public.users (
        id,
        username,
        email,
        "password",
        "type",
        created_at,
        updated_at,
        display_name
    )
VALUES(
        27,
        '123',
        'abc@gmail.com',
        '$2a$04$O59gCCf1fwRnAqh7W4uL9.S/Wa/YUEd7md/YQZn5eUXJQO/kro7Vm',
        NULL,
        '2023-01-25 12:49:28.937',
        '2023-01-25 12:49:28.937',
        NULL
    );
INSERT INTO public.users (
        id,
        username,
        email,
        "password",
        "type",
        created_at,
        updated_at,
        display_name
    )
VALUES(
        28,
        '123',
        'abc@gmail.com',
        '$2a$04$c.vxKTFN99REwU.ajFuPSu1wtO/IFbg7bDdQXnL22eeExY8oThBl.',
        NULL,
        '2023-01-25 12:49:57.205',
        '2023-01-25 12:49:57.205',
        NULL
    );
INSERT INTO public.users (
        id,
        username,
        email,
        "password",
        "type",
        created_at,
        updated_at,
        display_name
    )
VALUES(
        29,
        '123',
        'abc@gmail.com',
        '$2a$04$PPq9biNQZ.vGIacrwfihVux6eXXgsCANLrAV2b74Rxl1xPeAeANcy',
        NULL,
        '2023-01-25 12:51:00.893',
        '2023-01-25 12:51:00.893',
        NULL
    );
INSERT INTO public.users (
        id,
        username,
        email,
        "password",
        "type",
        created_at,
        updated_at,
        display_name
    )
VALUES(
        30,
        '123',
        'abc@gmail.com',
        '$2a$04$Pk/t1u7Wjb1mR.xoK3mfh.xrpLa9mPZjC2XbXYP9PMoj3mKEDCO8e',
        NULL,
        '2023-01-25 12:52:14.352',
        '2023-01-25 12:52:14.352',
        NULL
    );
INSERT INTO public.users (
        id,
        username,
        email,
        "password",
        "type",
        created_at,
        updated_at,
        display_name
    )
VALUES(
        31,
        '123',
        'abc@gmail.com',
        '$2a$04$6itmwqD17aVSvQVvgKOgI.Ytg45cMQS5SlE5o160JFmptzcJ1ihYe',
        NULL,
        '2023-01-25 13:06:02.904',
        '2023-01-25 13:06:02.904',
        NULL
    );
INSERT INTO public.users (
        id,
        username,
        email,
        "password",
        "type",
        created_at,
        updated_at,
        display_name
    )
VALUES(
        32,
        '123',
        'abc@gmail.com',
        '$2a$04$6SNrhdtHnAmdKVt0Z4ZVnOFyMTle7l6rN28Lt9a.EEfwWPhh.OYQa',
        NULL,
        '2023-01-25 15:55:08.902',
        '2023-01-25 15:55:08.902',
        NULL
    );
INSERT INTO public.users (
        id,
        username,
        email,
        "password",
        "type",
        created_at,
        updated_at,
        display_name
    )
VALUES(
        33,
        '123',
        'abc@gmail.com',
        '$2a$04$vfAeYCBJYK9rNN6GiawLouxKs4hvWsnCWGlQjN56qWWHNiFoxV8F6',
        NULL,
        '2023-01-25 16:03:56.095',
        '2023-01-25 16:03:56.095',
        NULL
    );
INSERT INTO public.users (
        id,
        username,
        email,
        "password",
        "type",
        created_at,
        updated_at,
        display_name
    )
VALUES(
        34,
        '123',
        'abc@gmail.com',
        '$2a$04$18yU3fUZhne/gE3nmJIi/usSysEZKXPYSk3Q..sckjApMhAAhiNYS',
        NULL,
        '2023-01-25 17:56:43.025',
        '2023-01-25 17:56:43.025',
        NULL
    );
INSERT INTO public.users (
        id,
        username,
        email,
        "password",
        "type",
        created_at,
        updated_at,
        display_name
    )
VALUES(
        37,
        '123333',
        'tom11@gmail.com',
        'admin',
        'teacher',
        '2023-01-26 16:05:05.913',
        '2023-01-26 16:05:05.913',
        NULL
    );
INSERT INTO public.users (
        id,
        username,
        email,
        "password",
        "type",
        created_at,
        updated_at,
        display_name
    )
VALUES(
        38,
        '123333ww',
        'tom11@gmail.com',
        'admin',
        'teacher',
        '2023-01-26 16:05:40.222',
        '2023-01-26 16:05:40.222',
        NULL
    );
INSERT INTO public.users (
        id,
        username,
        email,
        "password",
        "type",
        created_at,
        updated_at,
        display_name
    )
VALUES(
        42,
        'ad111111min@gmail.com',
        'ad1111min@gmail.com',
        'admin',
        'teacher',
        '2023-01-26 16:37:50.414',
        '2023-01-26 16:37:50.414',
        NULL
    );
INSERT INTO public.users (
        id,
        username,
        email,
        "password",
        "type",
        created_at,
        updated_at,
        display_name
    )
VALUES(
        43,
        'ad111111min@gmail.com',
        'ad1111min@gmail.com',
        'admin',
        'teacher',
        '2023-01-26 16:42:05.525',
        '2023-01-26 16:42:05.525',
        NULL
    );
INSERT INTO public.users (
        id,
        username,
        email,
        "password",
        "type",
        created_at,
        updated_at,
        display_name
    )
VALUES(
        44,
        'ad111111min@gmail.com',
        'ad1111min@gmail.com',
        'admin',
        'teacher',
        '2023-01-26 16:42:41.404',
        '2023-01-26 16:42:41.404',
        NULL
    );
INSERT INTO public.users (
        id,
        username,
        email,
        "password",
        "type",
        created_at,
        updated_at,
        display_name
    )
VALUES(
        45,
        'ad111111min@gmail.com',
        'ad1111min@gmail.com',
        'admin',
        'teacher',
        '2023-01-26 16:43:24.062',
        '2023-01-26 16:43:24.062',
        NULL
    );
INSERT INTO public.users (
        id,
        username,
        email,
        "password",
        "type",
        created_at,
        updated_at,
        display_name
    )
VALUES(
        46,
        'ad111111min@gmail.com',
        'ad1111min@gmail.com',
        'admin',
        'teacher',
        '2023-01-26 16:44:00.891',
        '2023-01-26 16:44:00.891',
        NULL
    );
INSERT INTO public.users (
        id,
        username,
        email,
        "password",
        "type",
        created_at,
        updated_at,
        display_name
    )
VALUES(
        47,
        'ad111111min@gmail.com',
        'ad1111min@gmail.com',
        'admin',
        'teacher',
        '2023-01-26 16:49:34.880',
        '2023-01-26 16:49:34.880',
        NULL
    );
INSERT INTO public.users (
        id,
        username,
        email,
        "password",
        "type",
        created_at,
        updated_at,
        display_name
    )
VALUES(
        48,
        'ad111111min@gmail.com',
        'ad1111min@gmail.com',
        'admin',
        'teacher',
        '2023-01-26 16:51:30.138',
        '2023-01-26 16:51:30.138',
        NULL
    );
INSERT INTO public.users (
        id,
        username,
        email,
        "password",
        "type",
        created_at,
        updated_at,
        display_name
    )
VALUES(
        49,
        'ad111111min@gmail.com',
        'ad1111min@gmail.com',
        'admin',
        'teacher',
        '2023-01-26 16:51:50.895',
        '2023-01-26 16:51:50.895',
        NULL
    );
INSERT INTO public.users (
        id,
        username,
        email,
        "password",
        "type",
        created_at,
        updated_at,
        display_name
    )
VALUES(
        50,
        'ad111122211min@gmail.com',
        'ad1111min@gmail.com',
        'admin',
        'teacher',
        '2023-01-26 16:55:16.325',
        '2023-01-26 16:55:16.325',
        NULL
    );
INSERT INTO public.users (
        id,
        username,
        email,
        "password",
        "type",
        created_at,
        updated_at,
        display_name
    )
VALUES(
        51,
        'ad111122211min@gmail.com',
        'ad1111min@gmail.com',
        'admin',
        'teacher',
        '2023-01-26 17:17:51.059',
        '2023-01-26 17:17:51.059',
        NULL
    );
INSERT INTO public.users (
        id,
        username,
        email,
        "password",
        "type",
        created_at,
        updated_at,
        display_name
    )
VALUES(
        52,
        'ad111122211min@gmail.com',
        'ad1111min@gmail.com',
        'admin',
        'teacher',
        '2023-01-26 17:19:29.530',
        '2023-01-26 17:19:29.530',
        NULL
    );
INSERT INTO public.users (
        id,
        username,
        email,
        "password",
        "type",
        created_at,
        updated_at,
        display_name
    )
VALUES(
        53,
        'ad111122211min@gmail.com',
        'ad1111min@gmail.com',
        'admin',
        'teacher',
        '2023-01-26 17:20:26.001',
        '2023-01-26 17:20:26.001',
        NULL
    );
INSERT INTO public.users (
        id,
        username,
        email,
        "password",
        "type",
        created_at,
        updated_at,
        display_name
    )
VALUES(
        54,
        'ad111122211min@gmail.com',
        'ad1111min@gmail.com',
        'admin',
        'teacher',
        '2023-01-26 17:23:22.265',
        '2023-01-26 17:23:22.265',
        NULL
    );
INSERT INTO public.users (
        id,
        username,
        email,
        "password",
        "type",
        created_at,
        updated_at,
        display_name
    )
VALUES(
        55,
        'ad111122211min@gmail.com',
        'ad1111min@gmail.com',
        'admin',
        'teacher',
        '2023-01-26 17:25:00.681',
        '2023-01-26 17:25:00.681',
        NULL
    );
INSERT INTO public.users (
        id,
        username,
        email,
        "password",
        "type",
        created_at,
        updated_at,
        display_name
    )
VALUES(
        56,
        'admi12e3123n@gmail.com',
        'wdwqdqwd21@23.com',
        'admin',
        'teacher',
        '2023-01-26 17:32:54.625',
        '2023-01-26 17:32:54.625',
        NULL
    );
INSERT INTO public.users (
        id,
        username,
        email,
        "password",
        "type",
        created_at,
        updated_at,
        display_name
    )
VALUES(
        57,
        'admi12e3123n@gmail.com',
        'wdwqdqwd21@23.com',
        'admin',
        'teacher',
        '2023-01-26 17:33:15.671',
        '2023-01-26 17:33:15.671',
        NULL
    );
INSERT INTO public.users (
        id,
        username,
        email,
        "password",
        "type",
        created_at,
        updated_at,
        display_name
    )
VALUES(
        58,
        'admi12e3123n@gmail.com',
        'wdwqdqwd21@23.com',
        'admin',
        'teacher',
        '2023-01-26 17:35:13.628',
        '2023-01-26 17:35:13.628',
        NULL
    );
INSERT INTO public.users (
        id,
        username,
        email,
        "password",
        "type",
        created_at,
        updated_at,
        display_name
    )
VALUES(
        59,
        'admin@gmail.22222com12123',
        'tom111222@gmail.com',
        'admin',
        'teacher',
        '2023-01-26 17:36:07.541',
        '2023-01-26 17:36:07.541',
        NULL
    );
INSERT INTO public.users (
        id,
        username,
        email,
        "password",
        "type",
        created_at,
        updated_at,
        display_name
    )
VALUES(
        60,
        'admin@sssgmail.22222com12123',
        'tom1112ss22@gmail.com',
        'admin',
        'teacher',
        '2023-01-26 17:37:07.364',
        '2023-01-26 17:37:07.364',
        NULL
    );
INSERT INTO public.users (
        id,
        username,
        email,
        "password",
        "type",
        created_at,
        updated_at,
        display_name
    )
VALUES(
        61,
        'adm111in@gmail.com',
        'adm111in@gmail.com',
        'admin',
        'teacher',
        '2023-01-26 17:59:42.526',
        '2023-01-26 17:59:42.526',
        NULL
    );
INSERT INTO public.users (
        id,
        username,
        email,
        "password",
        "type",
        created_at,
        updated_at,
        display_name
    )
VALUES(
        62,
        'adm111i22n@gmail.com',
        'ad111m111in@gmail.com',
        'admin',
        'teacher',
        '2023-01-26 18:00:58.754',
        '2023-01-26 18:00:58.754',
        NULL
    );
INSERT INTO public.users (
        id,
        username,
        email,
        "password",
        "type",
        created_at,
        updated_at,
        display_name
    )
VALUES(
        63,
        'adm111i22n@gmail.com',
        'ad111m111in@gmail.com',
        'admin',
        'teacher',
        '2023-01-26 18:05:26.536',
        '2023-01-26 18:05:26.536',
        NULL
    );
INSERT INTO public.users (
        id,
        username,
        email,
        "password",
        "type",
        created_at,
        updated_at,
        display_name
    )
VALUES(
        64,
        'adm111i22nss@gmail.com',
        'ad111m111in@gmail.com',
        'admin',
        'teacher',
        '2023-01-26 18:05:38.543',
        '2023-01-26 18:05:38.543',
        NULL
    );
INSERT INTO public.users (
        id,
        username,
        email,
        "password",
        "type",
        created_at,
        updated_at,
        display_name
    )
VALUES(
        65,
        'adm111i22nss@gmail.com',
        'ad111m111in@gmail.com',
        'admin',
        'teacher',
        '2023-01-26 18:05:56.408',
        '2023-01-26 18:05:56.408',
        NULL
    );
INSERT INTO public.users (
        id,
        username,
        email,
        "password",
        "type",
        created_at,
        updated_at,
        display_name
    )
VALUES(
        66,
        'admi21422n@gmail.com',
        'tom@gmail.com',
        'admin',
        'teacher',
        '2023-01-26 18:58:29.959',
        '2023-01-26 18:58:29.959',
        NULL
    );
INSERT INTO public.users (
        id,
        username,
        email,
        "password",
        "type",
        created_at,
        updated_at,
        display_name
    )
VALUES(
        35,
        'Lawrence_1',
        'Lawrence1_@live.hk',
        '$2a$04$dcxXEtoSp1SRPNf3j8pz1OUMYln7tFBOv6PGGSSAPbJStAq7zY.yu',
        NULL,
        '2023-01-26 14:01:04.827',
        '2023-01-26 14:01:04.827',
        NULL
    );
INSERT INTO public.users (
        id,
        username,
        email,
        "password",
        "type",
        created_at,
        updated_at,
        display_name
    )
VALUES(
        36,
        'lawrence35361',
        'l1awrence3536@outlook.com',
        '$2a$04$coqPAUO09N8MWIGG6k80ROxTz7DQexvUJHjD1TcBrACs9pyIGevXe',
        NULL,
        '2023-01-26 14:02:32.992',
        '2023-01-26 14:02:32.992',
        NULL
    );
INSERT INTO public.users (
        id,
        username,
        email,
        "password",
        "type",
        created_at,
        updated_at,
        display_name
    )
VALUES(
        39,
        'ad1111min',
        'ad1111min@gmail.com',
        'admin',
        'teacher',
        '2023-01-26 16:12:56.120',
        '2023-01-26 16:12:56.120',
        NULL
    );
INSERT INTO public.users (
        id,
        username,
        email,
        "password",
        "type",
        created_at,
        updated_at,
        display_name
    )
VALUES(
        40,
        'ad1111min3',
        'ad1111min@gmail.com',
        'admin',
        'teacher',
        '2023-01-26 16:28:03.452',
        '2023-01-26 16:28:03.452',
        NULL
    );
INSERT INTO public.users (
        id,
        username,
        email,
        "password",
        "type",
        created_at,
        updated_at,
        display_name
    )
VALUES(
        41,
        'ad1111min2',
        'ad1111min@gmail.com',
        'admin',
        'teacher',
        '2023-01-26 16:28:50.575',
        '2023-01-26 16:28:50.575',
        NULL
    );
INSERT INTO public.users (
        id,
        username,
        email,
        "password",
        "type",
        created_at,
        updated_at,
        display_name
    )
VALUES(
        67,
        'Peter',
        'Peter@123.com',
        'Peter',
        'teacher',
        '2023-01-27 10:35:59.098',
        '2023-01-27 10:35:59.098',
        NULL
    );
INSERT INTO public.users (
        id,
        username,
        email,
        "password",
        "type",
        created_at,
        updated_at,
        display_name
    )
VALUES(
        68,
        'PETER123',
        'Peter123@123.com',
        'Peter',
        'teacher',
        '2023-01-27 10:37:21.768',
        '2023-01-27 10:37:21.768',
        NULL
    );
INSERT INTO public.users (
        id,
        username,
        email,
        "password",
        "type",
        created_at,
        updated_at,
        display_name
    )
VALUES(
        69,
        'PETER123',
        'Peter123@123.com',
        'Peter',
        'teacher',
        '2023-01-27 10:38:47.175',
        '2023-01-27 10:38:47.175',
        NULL
    );
INSERT INTO public.users (
        id,
        username,
        email,
        "password",
        "type",
        created_at,
        updated_at,
        display_name
    )
VALUES(
        70,
        'PETER123',
        'Peter123@123.com',
        'Peter',
        'teacher',
        '2023-01-27 10:39:20.504',
        '2023-01-27 10:39:20.504',
        NULL
    );
INSERT INTO public.users (
        id,
        username,
        email,
        "password",
        "type",
        created_at,
        updated_at,
        display_name
    )
VALUES(
        71,
        'PETER123',
        'Peter123@123.com',
        'Peter',
        'teacher',
        '2023-01-27 10:39:26.637',
        '2023-01-27 10:39:26.637',
        NULL
    );
INSERT INTO public.users (
        id,
        username,
        email,
        "password",
        "type",
        created_at,
        updated_at,
        display_name
    )
VALUES(
        72,
        'TOM',
        'Peter1123@123.com',
        'Peter',
        'teacher',
        '2023-01-27 10:40:44.005',
        '2023-01-27 10:40:44.005',
        NULL
    );
INSERT INTO public.users (
        id,
        username,
        email,
        "password",
        "type",
        created_at,
        updated_at,
        display_name
    )
VALUES(
        73,
        'TOM1',
        'Peter1123@123.com',
        'Peter',
        'teacher',
        '2023-01-27 10:41:17.196',
        '2023-01-27 10:41:17.196',
        NULL
    );
INSERT INTO public.users (
        id,
        username,
        email,
        "password",
        "type",
        created_at,
        updated_at,
        display_name
    )
VALUES(
        74,
        'adminhihi',
        'demo@test.com',
        'admin',
        'teacher',
        '2023-01-27 10:41:58.310',
        '2023-01-27 10:41:58.310',
        NULL
    );
INSERT INTO public.users (
        id,
        username,
        email,
        "password",
        "type",
        created_at,
        updated_at,
        display_name
    )
VALUES(
        75,
        'adminhihi',
        'demo@test.com',
        'admin',
        'teacher',
        '2023-01-27 10:41:59.488',
        '2023-01-27 10:41:59.488',
        NULL
    );
INSERT INTO public.users (
        id,
        username,
        email,
        "password",
        "type",
        created_at,
        updated_at,
        display_name
    )
VALUES(
        76,
        'adminhihi',
        'demo1111@test.com',
        'admin',
        'teacher',
        '2023-01-27 10:42:52.714',
        '2023-01-27 10:42:52.714',
        NULL
    );
INSERT INTO public.users (
        id,
        username,
        email,
        "password",
        "type",
        created_at,
        updated_at,
        display_name
    )
VALUES(
        77,
        'adminhihi',
        'demo1111@test.com',
        'admin',
        'teacher',
        '2023-01-27 10:42:54.971',
        '2023-01-27 10:42:54.971',
        NULL
    );
INSERT INTO public.users (
        id,
        username,
        email,
        "password",
        "type",
        created_at,
        updated_at,
        display_name
    )
VALUES(
        78,
        'adminhihi',
        'demo1111@test.com',
        'admin',
        'teacher',
        '2023-01-27 10:44:48.553',
        '2023-01-27 10:44:48.553',
        NULL
    );
INSERT INTO public.users (
        id,
        username,
        email,
        "password",
        "type",
        created_at,
        updated_at,
        display_name
    )
VALUES(
        79,
        'adminhihi',
        'demo1111@test.com',
        'admin',
        'teacher',
        '2023-01-27 10:45:02.480',
        '2023-01-27 10:45:02.480',
        NULL
    );
INSERT INTO public.users (
        id,
        username,
        email,
        "password",
        "type",
        created_at,
        updated_at,
        display_name
    )
VALUES(
        80,
        'adminhihi',
        'demo1111@test.com',
        'admin',
        'teacher',
        '2023-01-27 10:45:03.555',
        '2023-01-27 10:45:03.555',
        NULL
    );
INSERT INTO public.users (
        id,
        username,
        email,
        "password",
        "type",
        created_at,
        updated_at,
        display_name
    )
VALUES(
        81,
        'jojo',
        'jojo@123.com',
        'admin',
        'teacher',
        '2023-01-27 10:54:25.081',
        '2023-01-27 10:54:25.081',
        NULL
    );
INSERT INTO public.users (
        id,
        username,
        email,
        "password",
        "type",
        created_at,
        updated_at,
        display_name
    )
VALUES(
        82,
        'zddzadmin123',
        'admin111@gmail.com',
        'admin',
        'teacher',
        '2023-01-27 11:07:13.981',
        '2023-01-27 11:07:13.981',
        NULL
    );
INSERT INTO public.users (
        id,
        username,
        email,
        "password",
        "type",
        created_at,
        updated_at,
        display_name
    )
VALUES(
        83,
        'SAM',
        'demo12@test.com',
        'admin',
        'teacher',
        '2023-01-27 11:10:19.752',
        '2023-01-27 11:10:19.752',
        NULL
    );
INSERT INTO public.users (
        id,
        username,
        email,
        "password",
        "type",
        created_at,
        updated_at,
        display_name
    )
VALUES(
        84,
        'KEN',
        'KEN@123.com',
        'admin',
        'student',
        '2023-01-27 11:10:46.472',
        '2023-01-27 11:10:46.472',
        NULL
    );
INSERT INTO public.users (
        id,
        username,
        email,
        "password",
        "type",
        created_at,
        updated_at,
        display_name
    )
VALUES(
        85,
        'mary',
        'mary@gmail.com',
        'admin',
        'student',
        '2023-01-27 11:36:31.875',
        '2023-01-27 11:36:31.875',
        NULL
    );
INSERT INTO public.users (
        id,
        username,
        email,
        "password",
        "type",
        created_at,
        updated_at,
        display_name
    )
VALUES(
        86,
        'kenny',
        'kenny@g123.com',
        'admin',
        'student',
        '2023-01-27 11:37:35.707',
        '2023-01-27 11:37:35.707',
        NULL
    );
INSERT INTO public.users (
        id,
        username,
        email,
        "password",
        "type",
        created_at,
        updated_at,
        display_name
    )
VALUES(
        87,
        'schoolteam',
        'schoolteam@1.com',
        'admin',
        'student',
        '2023-01-27 11:38:15.898',
        '2023-01-27 11:38:15.898',
        NULL
    );
INSERT INTO public.users (
        id,
        username,
        email,
        "password",
        "type",
        created_at,
        updated_at,
        display_name
    )
VALUES(
        88,
        'chan123',
        'chan123@gmail.com',
        'admin',
        'student',
        '2023-01-27 14:40:52.546',
        '2023-01-27 14:40:52.546',
        NULL
    );
INSERT INTO public.teacher (id, user_id, created_at, updated_at)
VALUES(
        1,
        3,
        '2023-01-18 12:18:49.700',
        '2023-01-18 12:18:49.700'
    );
INSERT INTO public.teacher (id, user_id, created_at, updated_at)
VALUES(
        2,
        4,
        '2023-01-18 12:18:49.700',
        '2023-01-18 12:18:49.700'
    );
INSERT INTO public.teacher (id, user_id, created_at, updated_at)
VALUES(
        3,
        45,
        '2023-01-26 16:43:24.066',
        '2023-01-26 16:43:24.066'
    );
INSERT INTO public.teacher (id, user_id, created_at, updated_at)
VALUES(
        4,
        46,
        '2023-01-26 16:44:00.897',
        '2023-01-26 16:44:00.897'
    );
INSERT INTO public.teacher (id, user_id, created_at, updated_at)
VALUES(
        5,
        47,
        '2023-01-26 16:49:34.884',
        '2023-01-26 16:49:34.884'
    );
INSERT INTO public.teacher (id, user_id, created_at, updated_at)
VALUES(
        6,
        48,
        '2023-01-26 16:51:30.142',
        '2023-01-26 16:51:30.142'
    );
INSERT INTO public.teacher (id, user_id, created_at, updated_at)
VALUES(
        7,
        49,
        '2023-01-26 16:51:50.898',
        '2023-01-26 16:51:50.898'
    );
INSERT INTO public.teacher (id, user_id, created_at, updated_at)
VALUES(
        8,
        50,
        '2023-01-26 16:55:16.329',
        '2023-01-26 16:55:16.329'
    );
INSERT INTO public.teacher (id, user_id, created_at, updated_at)
VALUES(
        9,
        51,
        '2023-01-26 17:17:51.064',
        '2023-01-26 17:17:51.064'
    );
INSERT INTO public.teacher (id, user_id, created_at, updated_at)
VALUES(
        10,
        52,
        '2023-01-26 17:19:29.533',
        '2023-01-26 17:19:29.533'
    );
INSERT INTO public.teacher (id, user_id, created_at, updated_at)
VALUES(
        11,
        53,
        '2023-01-26 17:20:26.005',
        '2023-01-26 17:20:26.005'
    );
INSERT INTO public.teacher (id, user_id, created_at, updated_at)
VALUES(
        12,
        54,
        '2023-01-26 17:23:22.269',
        '2023-01-26 17:23:22.269'
    );
INSERT INTO public.teacher (id, user_id, created_at, updated_at)
VALUES(
        13,
        55,
        '2023-01-26 17:25:00.684',
        '2023-01-26 17:25:00.684'
    );
INSERT INTO public.teacher (id, user_id, created_at, updated_at)
VALUES(
        14,
        56,
        '2023-01-26 17:32:54.628',
        '2023-01-26 17:32:54.628'
    );
INSERT INTO public.teacher (id, user_id, created_at, updated_at)
VALUES(
        15,
        57,
        '2023-01-26 17:33:15.673',
        '2023-01-26 17:33:15.673'
    );
INSERT INTO public.teacher (id, user_id, created_at, updated_at)
VALUES(
        16,
        58,
        '2023-01-26 17:35:13.631',
        '2023-01-26 17:35:13.631'
    );
INSERT INTO public.teacher (id, user_id, created_at, updated_at)
VALUES(
        17,
        59,
        '2023-01-26 17:36:07.542',
        '2023-01-26 17:36:07.542'
    );
INSERT INTO public.teacher (id, user_id, created_at, updated_at)
VALUES(
        18,
        60,
        '2023-01-26 17:37:07.368',
        '2023-01-26 17:37:07.368'
    );
INSERT INTO public.teacher (id, user_id, created_at, updated_at)
VALUES(
        19,
        61,
        '2023-01-26 17:59:42.528',
        '2023-01-26 17:59:42.528'
    );
INSERT INTO public.teacher (id, user_id, created_at, updated_at)
VALUES(
        20,
        62,
        '2023-01-26 18:00:58.758',
        '2023-01-26 18:00:58.758'
    );
INSERT INTO public.teacher (id, user_id, created_at, updated_at)
VALUES(
        21,
        63,
        '2023-01-26 18:05:26.539',
        '2023-01-26 18:05:26.539'
    );
INSERT INTO public.teacher (id, user_id, created_at, updated_at)
VALUES(
        22,
        64,
        '2023-01-26 18:05:38.559',
        '2023-01-26 18:05:38.559'
    );
INSERT INTO public.teacher (id, user_id, created_at, updated_at)
VALUES(
        23,
        65,
        '2023-01-26 18:05:56.414',
        '2023-01-26 18:05:56.414'
    );
INSERT INTO public.teacher (id, user_id, created_at, updated_at)
VALUES(
        24,
        66,
        '2023-01-26 18:58:29.962',
        '2023-01-26 18:58:29.962'
    );
INSERT INTO public.teacher (id, user_id, created_at, updated_at)
VALUES(
        25,
        67,
        '2023-01-27 10:35:59.106',
        '2023-01-27 10:35:59.106'
    );
INSERT INTO public.teacher (id, user_id, created_at, updated_at)
VALUES(
        26,
        68,
        '2023-01-27 10:37:21.770',
        '2023-01-27 10:37:21.770'
    );
INSERT INTO public.teacher (id, user_id, created_at, updated_at)
VALUES(
        27,
        69,
        '2023-01-27 10:38:47.176',
        '2023-01-27 10:38:47.176'
    );
INSERT INTO public.teacher (id, user_id, created_at, updated_at)
VALUES(
        28,
        70,
        '2023-01-27 10:39:20.506',
        '2023-01-27 10:39:20.506'
    );
INSERT INTO public.teacher (id, user_id, created_at, updated_at)
VALUES(
        29,
        71,
        '2023-01-27 10:39:26.642',
        '2023-01-27 10:39:26.642'
    );
INSERT INTO public.teacher (id, user_id, created_at, updated_at)
VALUES(
        30,
        72,
        '2023-01-27 10:40:44.009',
        '2023-01-27 10:40:44.009'
    );
INSERT INTO public.teacher (id, user_id, created_at, updated_at)
VALUES(
        31,
        73,
        '2023-01-27 10:41:17.199',
        '2023-01-27 10:41:17.199'
    );
INSERT INTO public.teacher (id, user_id, created_at, updated_at)
VALUES(
        32,
        74,
        '2023-01-27 10:41:58.312',
        '2023-01-27 10:41:58.312'
    );
INSERT INTO public.teacher (id, user_id, created_at, updated_at)
VALUES(
        33,
        75,
        '2023-01-27 10:41:59.500',
        '2023-01-27 10:41:59.500'
    );
INSERT INTO public.teacher (id, user_id, created_at, updated_at)
VALUES(
        34,
        76,
        '2023-01-27 10:42:52.717',
        '2023-01-27 10:42:52.717'
    );
INSERT INTO public.teacher (id, user_id, created_at, updated_at)
VALUES(
        35,
        77,
        '2023-01-27 10:42:54.974',
        '2023-01-27 10:42:54.974'
    );
INSERT INTO public.teacher (id, user_id, created_at, updated_at)
VALUES(
        36,
        78,
        '2023-01-27 10:44:48.569',
        '2023-01-27 10:44:48.569'
    );
INSERT INTO public.teacher (id, user_id, created_at, updated_at)
VALUES(
        37,
        79,
        '2023-01-27 10:45:02.482',
        '2023-01-27 10:45:02.482'
    );
INSERT INTO public.teacher (id, user_id, created_at, updated_at)
VALUES(
        38,
        80,
        '2023-01-27 10:45:03.567',
        '2023-01-27 10:45:03.567'
    );
INSERT INTO public.teacher (id, user_id, created_at, updated_at)
VALUES(
        39,
        81,
        '2023-01-27 10:54:25.083',
        '2023-01-27 10:54:25.083'
    );
INSERT INTO public.teacher (id, user_id, created_at, updated_at)
VALUES(
        40,
        82,
        '2023-01-27 11:07:13.983',
        '2023-01-27 11:07:13.983'
    );
INSERT INTO public.teacher (id, user_id, created_at, updated_at)
VALUES(
        41,
        83,
        '2023-01-27 11:10:19.766',
        '2023-01-27 11:10:19.766'
    );
INSERT INTO public.teacher (id, user_id, created_at, updated_at)
VALUES(
        42,
        84,
        '2023-01-27 11:10:46.479',
        '2023-01-27 11:10:46.479'
    );
INSERT INTO public.teacher (id, user_id, created_at, updated_at)
VALUES(
        43,
        85,
        '2023-01-27 11:36:31.880',
        '2023-01-27 11:36:31.880'
    );
INSERT INTO public.teacher (id, user_id, created_at, updated_at)
VALUES(
        44,
        86,
        '2023-01-27 11:37:35.717',
        '2023-01-27 11:37:35.717'
    );
INSERT INTO public.teacher (id, user_id, created_at, updated_at)
VALUES(
        45,
        87,
        '2023-01-27 11:38:15.910',
        '2023-01-27 11:38:15.910'
    );
INSERT INTO public.teacher (id, user_id, created_at, updated_at)
VALUES(
        46,
        88,
        '2023-01-27 14:40:52.549',
        '2023-01-27 14:40:52.549'
    );
INSERT INTO public.subject (id, "name", created_at, updated_at, chinese_name)
VALUES(
        1,
        'chi',
        '2023-01-18 12:18:49.700',
        '2023-01-18 12:18:49.700',
        '中文'
    );
INSERT INTO public.subject (id, "name", created_at, updated_at, chinese_name)
VALUES(
        2,
        'eng',
        '2023-01-18 12:18:49.700',
        '2023-01-18 12:18:49.700',
        '英文'
    );
INSERT INTO public.subject (id, "name", created_at, updated_at, chinese_name)
VALUES(
        3,
        'maths',
        '2023-01-18 12:18:49.700',
        '2023-01-18 12:18:49.700',
        '數學'
    );
INSERT INTO public.subject (id, "name", created_at, updated_at, chinese_name)
VALUES(
        4,
        'econ',
        '2023-01-18 12:18:49.700',
        '2023-01-18 12:18:49.700',
        '經濟'
    );
INSERT INTO public.subject (id, "name", created_at, updated_at, chinese_name)
VALUES(
        5,
        'ls',
        '2023-01-18 12:18:49.700',
        '2023-01-18 12:18:49.700',
        '通識'
    );
INSERT INTO public.subject (id, "name", created_at, updated_at, chinese_name)
VALUES(
        6,
        'bio',
        '2023-01-18 12:18:49.700',
        '2023-01-18 12:18:49.700',
        '生物'
    );
INSERT INTO public.subject (id, "name", created_at, updated_at, chinese_name)
VALUES(
        7,
        'chem',
        '2023-01-18 12:18:49.700',
        '2023-01-18 12:18:49.700',
        '化學'
    );
INSERT INTO public.subject (id, "name", created_at, updated_at, chinese_name)
VALUES(
        8,
        'phy',
        '2023-01-18 12:18:49.700',
        '2023-01-18 12:18:49.700',
        '物理'
    );
INSERT INTO public.subject (id, "name", created_at, updated_at, chinese_name)
VALUES(
        9,
        'geog',
        '2023-01-18 12:18:49.700',
        '2023-01-18 12:18:49.700',
        '地理'
    );
INSERT INTO public.subject (id, "name", created_at, updated_at, chinese_name)
VALUES(
        10,
        'chi-history',
        '2023-01-18 12:18:49.700',
        '2023-01-18 12:18:49.700',
        '中史'
    );
INSERT INTO public.subject (id, "name", created_at, updated_at, chinese_name)
VALUES(
        11,
        'history',
        '2023-01-18 12:18:49.700',
        '2023-01-18 12:18:49.700',
        '世史'
    );
INSERT INTO public.subject (id, "name", created_at, updated_at, chinese_name)
VALUES(
        12,
        'va',
        '2023-01-26 16:51:50.902',
        '2023-01-26 16:51:50.902',
        '視覺藝術'
    );
INSERT INTO public.teacher_subject (
        id,
        subject_id,
        teacher_id,
        created_at,
        updated_at
    )
VALUES(
        1,
        2,
        1,
        '2023-01-18 12:18:49.700',
        '2023-01-18 12:18:49.700'
    );
INSERT INTO public.teacher_subject (
        id,
        subject_id,
        teacher_id,
        created_at,
        updated_at
    )
VALUES(
        2,
        4,
        2,
        '2023-01-18 12:18:49.700',
        '2023-01-18 12:18:49.700'
    );
INSERT INTO public.teacher_subject (
        id,
        subject_id,
        teacher_id,
        created_at,
        updated_at
    )
VALUES(
        3,
        2,
        3,
        '2023-01-26 16:43:24.067',
        '2023-01-26 16:43:24.067'
    );
INSERT INTO public.teacher_subject (
        id,
        subject_id,
        teacher_id,
        created_at,
        updated_at
    )
VALUES(
        4,
        2,
        4,
        '2023-01-26 16:44:00.899',
        '2023-01-26 16:44:00.899'
    );
INSERT INTO public.teacher_subject (
        id,
        subject_id,
        teacher_id,
        created_at,
        updated_at
    )
VALUES(
        5,
        2,
        5,
        '2023-01-26 16:49:34.885',
        '2023-01-26 16:49:34.885'
    );
INSERT INTO public.teacher_subject (
        id,
        subject_id,
        teacher_id,
        created_at,
        updated_at
    )
VALUES(
        6,
        2,
        6,
        '2023-01-26 16:51:30.144',
        '2023-01-26 16:51:30.144'
    );
INSERT INTO public.teacher_subject (
        id,
        subject_id,
        teacher_id,
        created_at,
        updated_at
    )
VALUES(
        7,
        2,
        7,
        '2023-01-26 16:51:50.901',
        '2023-01-26 16:51:50.901'
    );
INSERT INTO public.teacher_subject (
        id,
        subject_id,
        teacher_id,
        created_at,
        updated_at
    )
VALUES(
        8,
        2,
        8,
        '2023-01-26 16:55:16.330',
        '2023-01-26 16:55:16.330'
    );
INSERT INTO public.teacher_subject (
        id,
        subject_id,
        teacher_id,
        created_at,
        updated_at
    )
VALUES(
        9,
        5,
        15,
        '2023-01-26 17:33:15.675',
        '2023-01-26 17:33:15.675'
    );
INSERT INTO public.teacher_subject (
        id,
        subject_id,
        teacher_id,
        created_at,
        updated_at
    )
VALUES(
        10,
        9,
        16,
        '2023-01-26 17:35:13.633',
        '2023-01-26 17:35:13.633'
    );
INSERT INTO public.teacher_subject (
        id,
        subject_id,
        teacher_id,
        created_at,
        updated_at
    )
VALUES(
        11,
        1,
        17,
        '2023-01-26 17:36:07.543',
        '2023-01-26 17:36:07.543'
    );
INSERT INTO public.teacher_subject (
        id,
        subject_id,
        teacher_id,
        created_at,
        updated_at
    )
VALUES(
        12,
        1,
        18,
        '2023-01-26 17:37:07.371',
        '2023-01-26 17:37:07.371'
    );
INSERT INTO public.teacher_subject (
        id,
        subject_id,
        teacher_id,
        created_at,
        updated_at
    )
VALUES(
        13,
        1,
        19,
        '2023-01-26 17:59:42.529',
        '2023-01-26 17:59:42.529'
    );
INSERT INTO public.teacher_subject (
        id,
        subject_id,
        teacher_id,
        created_at,
        updated_at
    )
VALUES(
        14,
        1,
        20,
        '2023-01-26 18:00:58.759',
        '2023-01-26 18:00:58.759'
    );
INSERT INTO public.teacher_subject (
        id,
        subject_id,
        teacher_id,
        created_at,
        updated_at
    )
VALUES(
        15,
        1,
        21,
        '2023-01-26 18:05:26.540',
        '2023-01-26 18:05:26.540'
    );
INSERT INTO public.teacher_subject (
        id,
        subject_id,
        teacher_id,
        created_at,
        updated_at
    )
VALUES(
        16,
        1,
        22,
        '2023-01-26 18:05:38.559',
        '2023-01-26 18:05:38.559'
    );
INSERT INTO public.teacher_subject (
        id,
        subject_id,
        teacher_id,
        created_at,
        updated_at
    )
VALUES(
        17,
        1,
        23,
        '2023-01-26 18:05:56.416',
        '2023-01-26 18:05:56.416'
    );
INSERT INTO public.teacher_subject (
        id,
        subject_id,
        teacher_id,
        created_at,
        updated_at
    )
VALUES(
        18,
        1,
        24,
        '2023-01-26 18:58:29.964',
        '2023-01-26 18:58:29.964'
    );
INSERT INTO public.teacher_subject (
        id,
        subject_id,
        teacher_id,
        created_at,
        updated_at
    )
VALUES(
        19,
        2,
        25,
        '2023-01-27 10:35:59.110',
        '2023-01-27 10:35:59.110'
    );
INSERT INTO public.teacher_subject (
        id,
        subject_id,
        teacher_id,
        created_at,
        updated_at
    )
VALUES(
        20,
        5,
        26,
        '2023-01-27 10:37:21.771',
        '2023-01-27 10:37:21.771'
    );
INSERT INTO public.teacher_subject (
        id,
        subject_id,
        teacher_id,
        created_at,
        updated_at
    )
VALUES(
        21,
        5,
        27,
        '2023-01-27 10:38:47.178',
        '2023-01-27 10:38:47.178'
    );
INSERT INTO public.teacher_subject (
        id,
        subject_id,
        teacher_id,
        created_at,
        updated_at
    )
VALUES(
        22,
        5,
        28,
        '2023-01-27 10:39:20.507',
        '2023-01-27 10:39:20.507'
    );
INSERT INTO public.teacher_subject (
        id,
        subject_id,
        teacher_id,
        created_at,
        updated_at
    )
VALUES(
        23,
        5,
        29,
        '2023-01-27 10:39:26.643',
        '2023-01-27 10:39:26.643'
    );
INSERT INTO public.teacher_subject (
        id,
        subject_id,
        teacher_id,
        created_at,
        updated_at
    )
VALUES(
        24,
        8,
        30,
        '2023-01-27 10:40:44.010',
        '2023-01-27 10:40:44.010'
    );
INSERT INTO public.teacher_subject (
        id,
        subject_id,
        teacher_id,
        created_at,
        updated_at
    )
VALUES(
        25,
        8,
        31,
        '2023-01-27 10:41:17.201',
        '2023-01-27 10:41:17.201'
    );
INSERT INTO public.teacher_subject (
        id,
        subject_id,
        teacher_id,
        created_at,
        updated_at
    )
VALUES(
        26,
        6,
        32,
        '2023-01-27 10:41:58.313',
        '2023-01-27 10:41:58.313'
    );
INSERT INTO public.teacher_subject (
        id,
        subject_id,
        teacher_id,
        created_at,
        updated_at
    )
VALUES(
        27,
        6,
        33,
        '2023-01-27 10:41:59.501',
        '2023-01-27 10:41:59.501'
    );
INSERT INTO public.teacher_subject (
        id,
        subject_id,
        teacher_id,
        created_at,
        updated_at
    )
VALUES(
        28,
        9,
        34,
        '2023-01-27 10:42:52.718',
        '2023-01-27 10:42:52.718'
    );
INSERT INTO public.teacher_subject (
        id,
        subject_id,
        teacher_id,
        created_at,
        updated_at
    )
VALUES(
        29,
        9,
        35,
        '2023-01-27 10:42:54.976',
        '2023-01-27 10:42:54.976'
    );
INSERT INTO public.teacher_subject (
        id,
        subject_id,
        teacher_id,
        created_at,
        updated_at
    )
VALUES(
        30,
        9,
        36,
        '2023-01-27 10:44:48.570',
        '2023-01-27 10:44:48.570'
    );
INSERT INTO public.teacher_subject (
        id,
        subject_id,
        teacher_id,
        created_at,
        updated_at
    )
VALUES(
        31,
        9,
        37,
        '2023-01-27 10:45:02.483',
        '2023-01-27 10:45:02.483'
    );
INSERT INTO public.teacher_subject (
        id,
        subject_id,
        teacher_id,
        created_at,
        updated_at
    )
VALUES(
        32,
        9,
        38,
        '2023-01-27 10:45:03.568',
        '2023-01-27 10:45:03.568'
    );
INSERT INTO public.teacher_subject (
        id,
        subject_id,
        teacher_id,
        created_at,
        updated_at
    )
VALUES(
        33,
        2,
        39,
        '2023-01-27 10:54:25.088',
        '2023-01-27 10:54:25.088'
    );
INSERT INTO public.teacher_subject (
        id,
        subject_id,
        teacher_id,
        created_at,
        updated_at
    )
VALUES(
        34,
        6,
        40,
        '2023-01-27 11:07:13.985',
        '2023-01-27 11:07:13.985'
    );
INSERT INTO public.teacher_subject (
        id,
        subject_id,
        teacher_id,
        created_at,
        updated_at
    )
VALUES(
        35,
        9,
        41,
        '2023-01-27 11:10:19.767',
        '2023-01-27 11:10:19.767'
    );
INSERT INTO public.teacher_subject (
        id,
        subject_id,
        teacher_id,
        created_at,
        updated_at
    )
VALUES(
        36,
        3,
        42,
        '2023-01-27 11:10:46.484',
        '2023-01-27 11:10:46.484'
    );
INSERT INTO public.teacher_subject (
        id,
        subject_id,
        teacher_id,
        created_at,
        updated_at
    )
VALUES(
        37,
        5,
        43,
        '2023-01-27 11:36:31.881',
        '2023-01-27 11:36:31.881'
    );
INSERT INTO public.teacher_subject (
        id,
        subject_id,
        teacher_id,
        created_at,
        updated_at
    )
VALUES(
        38,
        9,
        44,
        '2023-01-27 11:37:35.718',
        '2023-01-27 11:37:35.718'
    );
INSERT INTO public.teacher_subject (
        id,
        subject_id,
        teacher_id,
        created_at,
        updated_at
    )
VALUES(
        39,
        11,
        45,
        '2023-01-27 11:38:15.912',
        '2023-01-27 11:38:15.912'
    );
INSERT INTO public.blog (
        id,
        teacher_id,
        image,
        "content",
        created_at,
        updated_at
    )
VALUES(
        1,
        1,
        'image01.jpg',
        '測試中文內容',
        '2023-01-18 12:18:49.700',
        '2023-01-18 12:18:49.700'
    );
INSERT INTO public.blog (
        id,
        teacher_id,
        image,
        "content",
        created_at,
        updated_at
    )
VALUES(
        2,
        2,
        'image02.jpg',
        'TESTCONTENT',
        '2023-01-18 12:18:49.700',
        '2023-01-18 12:18:49.700'
    );
INSERT INTO public.school (id, "name", created_at, updated_at)
VALUES(
        1,
        '迦密主恩中學',
        '2023-01-18 12:18:49.700',
        '2023-01-18 12:18:49.700'
    );
INSERT INTO public.school (id, "name", created_at, updated_at)
VALUES(
        2,
        '基督教香港信義會元朗信義中學',
        '2023-01-18 12:18:49.700',
        '2023-01-18 12:18:49.700'
    );
INSERT INTO public.school (id, "name", created_at, updated_at)
VALUES(
        3,
        '景嶺書院',
        '2023-01-18 12:18:49.700',
        '2023-01-18 12:18:49.700'
    );
INSERT INTO public.school (id, "name", created_at, updated_at)
VALUES(
        4,
        '民生書院',
        '2023-01-18 12:18:49.700',
        '2023-01-18 12:18:49.700'
    );
INSERT INTO public.school (id, "name", created_at, updated_at)
VALUES(
        5,
        '張祝珊英文中學',
        '2023-01-18 12:18:49.700',
        '2023-01-18 12:18:49.700'
    );
INSERT INTO public.school (id, "name", created_at, updated_at)
VALUES(
        6,
        '香港培正中學',
        '2023-01-18 12:18:49.700',
        '2023-01-18 12:18:49.700'
    );
INSERT INTO public.student (
        id,
        user_id,
        subject_id,
        school_id,
        academic_level,
        created_at,
        updated_at
    )
VALUES(
        1,
        1,
        2,
        4,
        'F.6',
        '2023-01-18 12:18:49.700',
        '2023-01-18 12:18:49.700'
    );
INSERT INTO public.student (
        id,
        user_id,
        subject_id,
        school_id,
        academic_level,
        created_at,
        updated_at
    )
VALUES(
        2,
        2,
        4,
        6,
        'F.4',
        '2023-01-18 12:18:49.700',
        '2023-01-18 12:18:49.700'
    );
INSERT INTO public.chatroom (
        id,
        "content",
        from_user,
        to_user,
        created_at,
        updated_at
    )
VALUES(
        1,
        '有功課想問',
        2,
        4,
        '2023-01-18 12:18:49.700',
        '2023-01-18 12:18:49.700'
    );
INSERT INTO public.chatroom (
        id,
        "content",
        from_user,
        to_user,
        created_at,
        updated_at
    )
VALUES(
        2,
        '教學tips',
        3,
        2,
        '2023-01-18 12:18:49.700',
        '2023-01-18 12:18:49.700'
    );
INSERT INTO public.forum (id, "name", created_at, updated_at)
VALUES(
        1,
        '學術交流板',
        '2023-01-18 12:18:49.700',
        '2023-01-18 12:18:49.700'
    );
INSERT INTO public.forum (id, "name", created_at, updated_at)
VALUES(
        2,
        '試題資源區',
        '2023-01-18 12:18:49.700',
        '2023-01-18 12:18:49.700'
    );
INSERT INTO public.forum_post (
        id,
        title,
        status,
        forum_id,
        author_id,
        created_at,
        updated_at
    )
VALUES(
        1,
        '英國研究：吃塑膠包裝食品1年 等同把2個塑膠袋吃下肚',
        'published',
        1,
        1,
        '2023-01-18 12:18:49.700',
        '2023-01-18 12:18:49.700'
    );
INSERT INTO public.forum_post (
        id,
        title,
        status,
        forum_id,
        author_id,
        created_at,
        updated_at
    )
VALUES(
        2,
        '美國宣布：對中國晶片出口管制擴大至澳門！以保護國家安全',
        'pending',
        2,
        4,
        '2023-01-18 12:18:49.700',
        '2023-01-18 12:18:49.700'
    );
INSERT INTO public.forum_post_comment (
        id,
        "content",
        author_id,
        forum_post_id,
        created_at,
        updated_at
    )
VALUES(
        1,
        '英國研究團隊發現，從超市買來的塑膠包裝食材，塑膠微粒含量比傳統市場沒有包裝的食材多7倍。吃塑料包裝食品1年，相當於把2個塑膠袋吃下肚。
餐桌上擺滿食材，都是準備做烤雞大餐的材料一半有塑膠包裝，一半沒有。研究人員寇賽蘿開始拆除包裝，將食物裝盤放入微波爐。這些食材都是每年耶誕節，許多家庭會享用傳統餐點。

但現在英國普茲茅斯大學研究團隊發現，這些有塑膠包裝的食材，塑膠微粒含量比傳統市場未包裝的食材多很多。

英國普茲茅斯大學研究人員寇賽蘿博士指出，「有包裝的晚餐，發現的微粒比沒有包裝的晚餐多7倍，因為我們在沒包裝的晚餐中發現了約5萬5千個塑膠微粒。在有包裝的晚餐中，發現了約23萬個塑膠微粒。」

目前醫學研究人員已經在各種人類器官、血液、腸道中，發現有塑膠微粒的存在，但仍無法判定對人體的危害是什麼。但只要持續每天吃塑料包裝食品1年，相當於1年會把2個塑膠袋吃進肚子。

寇賽蘿說道，「如果你1年來每天都吃掉相同數量，有塑膠包裝的晚餐，那麼你每年會吃掉大約10公克塑膠，相當於2個這種塑膠袋。」

由於塑膠垃圾會在降解的過程中產生塑膠微粒，是造成海洋污染的元兇之一。寇賽蘿博士表示，很多人認為只要不吃海產，就不會攝入塑膠微粒，但事實上，現在空氣和土壤中也有許多塑膠微粒。

寇賽蘿表示，「現在可能會有一些塑膠微粒掉在這裡，掉進我們要吃的食物上。但如果你看看農業用的那些塑膠膜，也就是進入我們農田的塑膠量，讓我們土壤中的塑膠微粒濃度很高，實際上比海洋中的還要多。」

專家預估，全球的塑膠生產量將會在20年內翻倍成長，屆時流入海洋的廢塑膠數量，預計也將會在這時期內增加為2倍。',
        1,
        1,
        '2023-01-18 12:18:49.700',
        '2023-01-18 12:18:49.700'
    );
INSERT INTO public.forum_post_comment (
        id,
        "content",
        author_id,
        forum_post_id,
        created_at,
        updated_at
    )
VALUES(
        2,
        'The holiday dinner many are looking forward to this season could come with an unexpected ingredient— plastic.
That’s because a new study published in November from researchers at the University of Portsmouth in England has found that a roast dinner can contain a “staggering” number of microplastics.
Microplastic particles are plastics that are smaller than five millimetres in size, according to a press release from the school.
The university’s study explored whether meal ingredients packaged in plastic would result in more microplastic particles found in the food items
Fay Couceiro, a reader in biochemistry and environmental pollution at the university, conducted the small study by examining two separate roast dinners. Both dinners contained chicken, potatoes, carrots, broccoli, and yorkshire pudding, but one meal was made with ingredients that had been bought wrapped in plastic, while the other was not.
The food made from the plastic-wrapped items contained “seven times more microplastics than the non-plastic wrapped one,” according to the university’spress release about the study’s findings. In total, about 230,000 microplastic particles were found.
This indicates that “plastic packaging is a major route for plastics getting into our bodies,” the release states. Eating one plastic-wrapped dinner each day would amount to about two plastic bags consumed each year, according to the research.
“From the results it would appear that the majority of microplastics in our food come from the plastic packaging it is wrapped in. However, there are other ways that plastic can enter the food chain. It could be getting into the vegetables through the soil or into our meat through grazing,” said Couceiro in the press release.
She also said that air contains microplastics as well, so “they could be falling on top of the food.” As well, the plastics could be coming from the cooking utensils also used when preparing a meal, she explained.
This study differs from the findings of others,as researchers examined what was on the plate after the food had been cooked, as opposed to analyzing raw ingredients in a lab, she said.
“It is likely the microplastics will come from a combination of within the food, the packaging, the cooking utensils and the air,” she said.
Professor Shaji Sebastian, a consultant gastroenterologist at Hull University Teaching Hospital in England said in the press release the results of the study are surprising and indicates research into microplastics should be “urgent”.
“The key is to understand, what are microplastics doing to the body? Do they go to the organs?,” he said. “Those are critical questions that need to be looked into,”he said.
A review study published in 2020 from academics in Italy explained that the implications of microplastics on the human body are not yet thoroughly understood.
The researchers found that the intake of microplastics by humans has been well-established. However, only plastics smaller than 20 micrometres would be able to penetrate organs, and particles would have to be 10 micrometres or less to access all organs and the brain. Ten micrometres is about the diameter of a human blood cell.
However, research published in 2021 by U.K. researchers found that microplastics can cause damage to human cells in the laboratory at levels that are considered normal for people to ingest through their food. But the health impact remains unclear, as researchers are unsure how long plastics remain in the body before they exit through waste.',
        4,
        2,
        '2023-01-18 12:18:49.700',
        '2023-01-18 12:18:49.700'
    );