-- 1. users
INSERT INTO public.users (
        id,
        username,
        email,
        "password",
        "type",
        created_at,
        updated_at,
        display_name
    )
VALUES(
        3,
        'admin',
        'admin@gmail.com',
        'admin',
        'teacher',
        '2023-02-01 16:36:41.158',
        '2023-02-01 16:36:41.158',
        NULL
    );
INSERT INTO public.users (
        id,
        username,
        email,
        "password",
        "type",
        created_at,
        updated_at,
        display_name
    )
VALUES(
        4,
        'peter',
        'Peter@123.com',
        'peter',
        'student',
        '2023-02-01 17:27:53.240',
        '2023-02-01 17:27:53.240',
        NULL
    );
INSERT INTO public.users (
        id,
        username,
        email,
        "password",
        "type",
        created_at,
        updated_at,
        display_name
    )
VALUES(
        1,
        'Lawrence_@live.hk',
        'Lawrence_@live.hk',
        '$2a$04$6DebxP4UhxEwey7/PLTEJeP9oqhaBV3s9YY1aKHoE4DibmHon/ht6',
        'student',
        '2023-02-01 16:25:17.342',
        '2023-02-01 16:25:17.342',
        NULL
    );
INSERT INTO public.users (
        id,
        username,
        email,
        "password",
        "type",
        created_at,
        updated_at,
        display_name
    )
VALUES(
        2,
        'lawrence3536@outlook.com',
        'lawrence3536@outlook.com',
        '$2a$04$j3QuevRAVXNAMRa3a1LeluHvpupV89MAkzrGCnikwyC.VOUcToZRC',
        'student',
        '2023-02-01 16:35:09.613',
        '2023-02-01 16:35:09.613',
        NULL
    );
INSERT INTO public.users (
        id,
        username,
        email,
        "password",
        "type",
        created_at,
        updated_at,
        display_name
    )
VALUES(
        5,
        'james',
        '123@234.com',
        'tecky',
        'student',
        '2023-02-01 19:45:54.689',
        '2023-02-01 19:45:54.689',
        NULL
    );
INSERT INTO public.users (
        id,
        username,
        email,
        "password",
        "type",
        created_at,
        updated_at,
        display_name
    )
VALUES(
        6,
        'james',
        '123@234.com',
        'tecky',
        'student',
        '2023-02-01 19:46:33.415',
        '2023-02-01 19:46:33.415',
        NULL
    );
INSERT INTO public.users (
        id,
        username,
        email,
        "password",
        "type",
        created_at,
        updated_at,
        display_name
    )
VALUES(
        7,
        'Miss Lee',
        'lee@hotmail.com',
        '1234',
        'teacher',
        '2023-02-01 21:32:14.438',
        '2023-02-01 21:32:14.438',
        NULL
    );
INSERT INTO public.users (
        id,
        username,
        email,
        "password",
        "type",
        created_at,
        updated_at,
        display_name
    )
VALUES(
        8,
        'teacher2',
        'teacher2@hotmail.com',
        'admin',
        'teacher',
        '2023-02-01 21:45:08.227',
        '2023-02-01 21:45:08.227',
        NULL
    );
INSERT INTO public.users (
        id,
        username,
        email,
        "password",
        "type",
        created_at,
        updated_at,
        display_name
    )
VALUES(
        9,
        'teacher2',
        'teacher2@hotmail.com',
        '12345',
        'teacher',
        '2023-02-01 21:46:37.020',
        '2023-02-01 21:46:37.020',
        NULL
    );
INSERT INTO public.users (
        id,
        username,
        email,
        "password",
        "type",
        created_at,
        updated_at,
        display_name
    )
VALUES(
        10,
        'teacher2',
        'teacher2@hotmail.com',
        '1234',
        'teacher',
        '2023-02-01 21:47:41.146',
        '2023-02-01 21:47:41.146',
        NULL
    );
INSERT INTO public.users (
        id,
        username,
        email,
        "password",
        "type",
        created_at,
        updated_at,
        display_name
    )
VALUES(
        11,
        'teacher4',
        'teacher4@hotmail.com',
        '1234',
        'teacher',
        '2023-02-01 21:49:24.419',
        '2023-02-01 21:49:24.419',
        NULL
    );
INSERT INTO public.users (
        id,
        username,
        email,
        "password",
        "type",
        created_at,
        updated_at,
        display_name
    )
VALUES(
        12,
        'student1',
        'student1@1.com',
        'admin',
        'student',
        '2023-02-01 21:55:55.923',
        '2023-02-01 21:55:55.923',
        NULL
    );
INSERT INTO public.users (
        id,
        username,
        email,
        "password",
        "type",
        created_at,
        updated_at,
        display_name
    )
VALUES(
        13,
        'student5',
        'student5@5.com',
        '1234',
        'student',
        '2023-02-01 22:08:53.894',
        '2023-02-01 22:08:53.894',
        NULL
    );
INSERT INTO public.users (
        id,
        username,
        email,
        "password",
        "type",
        created_at,
        updated_at,
        display_name
    )
VALUES(
        14,
        'student8',
        'student8@8.com',
        '1234',
        'teacher',
        '2023-02-01 22:35:57.919',
        '2023-02-01 22:35:57.919',
        NULL
    );
INSERT INTO public.users (
        id,
        username,
        email,
        "password",
        "type",
        created_at,
        updated_at,
        display_name
    )
VALUES(
        15,
        'student9',
        'student9@9.com',
        '1234',
        'student',
        '2023-02-01 22:44:12.118',
        '2023-02-01 22:44:12.118',
        NULL
    );
INSERT INTO public.users (
        id,
        username,
        email,
        "password",
        "type",
        created_at,
        updated_at,
        display_name
    )
VALUES(
        16,
        'student11',
        'student11@11.com',
        '1234',
        'student',
        '2023-02-01 22:50:21.627',
        '2023-02-01 22:50:21.627',
        NULL
    );
INSERT INTO public.users (
        id,
        username,
        email,
        "password",
        "type",
        created_at,
        updated_at,
        display_name
    )
VALUES(
        17,
        'student12',
        'student12@12.com',
        '1234',
        'teacher',
        '2023-02-01 23:05:39.927',
        '2023-02-01 23:05:39.927',
        NULL
    );
-- 2 student
INSERT INTO public.student (
        id,
        user_id,
        subject_id,
        school_id,
        academic_level,
        created_at,
        updated_at
    )
VALUES(
        1,
        1,
        1,
        1,
        'F.6',
        '2023-02-01 19:37:22.190',
        '2023-02-01 19:37:22.190'
    );
INSERT INTO public.student (
        id,
        user_id,
        subject_id,
        school_id,
        academic_level,
        created_at,
        updated_at
    )
VALUES(
        2,
        1,
        1,
        1,
        'F.6',
        '2023-02-01 19:37:58.264',
        '2023-02-01 19:37:58.264'
    );
INSERT INTO public.student (
        id,
        user_id,
        subject_id,
        school_id,
        academic_level,
        created_at,
        updated_at
    )
VALUES(
        3,
        2,
        1,
        1,
        'F.6',
        '2023-02-01 19:37:58.264',
        '2023-02-01 19:37:58.264'
    );
INSERT INTO public.student (
        id,
        user_id,
        subject_id,
        school_id,
        academic_level,
        created_at,
        updated_at
    )
VALUES(
        4,
        4,
        1,
        1,
        'F.6',
        '2023-02-01 19:37:58.264',
        '2023-02-01 19:37:58.264'
    );
INSERT INTO public.student (
        id,
        user_id,
        subject_id,
        school_id,
        academic_level,
        created_at,
        updated_at
    )
VALUES(
        5,
        5,
        1,
        NULL,
        NULL,
        '2023-02-01 19:45:54.693',
        '2023-02-01 19:45:54.693'
    );
INSERT INTO public.student (
        id,
        user_id,
        subject_id,
        school_id,
        academic_level,
        created_at,
        updated_at
    )
VALUES(
        6,
        6,
        1,
        NULL,
        NULL,
        '2023-02-01 19:46:33.418',
        '2023-02-01 19:46:33.418'
    );
INSERT INTO public.student (
        id,
        user_id,
        subject_id,
        school_id,
        academic_level,
        created_at,
        updated_at
    )
VALUES(
        7,
        12,
        1,
        NULL,
        NULL,
        '2023-02-01 21:55:55.924',
        '2023-02-01 21:55:55.924'
    );
INSERT INTO public.student (
        id,
        user_id,
        subject_id,
        school_id,
        academic_level,
        created_at,
        updated_at
    )
VALUES(
        8,
        13,
        2,
        NULL,
        NULL,
        '2023-02-01 22:08:53.901',
        '2023-02-01 22:08:53.901'
    );
INSERT INTO public.student (
        id,
        user_id,
        subject_id,
        school_id,
        academic_level,
        created_at,
        updated_at
    )
VALUES(
        9,
        15,
        4,
        NULL,
        NULL,
        '2023-02-01 22:44:12.120',
        '2023-02-01 22:44:12.120'
    );
INSERT INTO public.student (
        id,
        user_id,
        subject_id,
        school_id,
        academic_level,
        created_at,
        updated_at
    )
VALUES(
        10,
        16,
        2,
        NULL,
        NULL,
        '2023-02-01 22:50:21.629',
        '2023-02-01 22:50:21.629'
    );
--3 teacher
INSERT INTO public.teacher (id, user_id, created_at, updated_at)
VALUES(
        1,
        3,
        '2023-02-01 16:36:41.160',
        '2023-02-01 16:36:41.160'
    );
INSERT INTO public.teacher (id, user_id, created_at, updated_at)
VALUES(
        2,
        7,
        '2023-02-01 21:32:14.439',
        '2023-02-01 21:32:14.439'
    );
INSERT INTO public.teacher (id, user_id, created_at, updated_at)
VALUES(
        3,
        8,
        '2023-02-01 21:45:08.230',
        '2023-02-01 21:45:08.230'
    );
INSERT INTO public.teacher (id, user_id, created_at, updated_at)
VALUES(
        4,
        9,
        '2023-02-01 21:46:37.031',
        '2023-02-01 21:46:37.031'
    );
INSERT INTO public.teacher (id, user_id, created_at, updated_at)
VALUES(
        5,
        10,
        '2023-02-01 21:47:41.158',
        '2023-02-01 21:47:41.158'
    );
INSERT INTO public.teacher (id, user_id, created_at, updated_at)
VALUES(
        6,
        11,
        '2023-02-01 21:49:24.428',
        '2023-02-01 21:49:24.428'
    );
INSERT INTO public.teacher (id, user_id, created_at, updated_at)
VALUES(
        7,
        14,
        '2023-02-01 22:35:57.921',
        '2023-02-01 22:35:57.921'
    );
INSERT INTO public.teacher (id, user_id, created_at, updated_at)
VALUES(
        8,
        17,
        '2023-02-01 23:05:39.930',
        '2023-02-01 23:05:39.930'
    );
--4 image
INSERT INTO public.image (id, user_id, image_icon, created_at, updated_at)
VALUES(
        1,
        1,
        'image-1675240601154.jpeg',
        '2023-01-26 18:05:26.541',
        '2023-01-26 18:05:26.541'
    );
INSERT INTO public.image (id, user_id, image_icon, created_at, updated_at)
VALUES(
        2,
        2,
        'image-1675245248560.jpeg',
        '2023-01-26 18:05:26.541',
        '2023-01-26 18:05:26.541'
    );
INSERT INTO public.image (id, user_id, image_icon, created_at, updated_at)
VALUES(
        3,
        4,
        'image-1675244864496.webp',
        '2023-01-26 18:05:26.541',
        '2023-01-26 18:05:26.541'
    );
INSERT INTO public.image (id, user_id, image_icon, created_at, updated_at)
VALUES(
        4,
        3,
        'image-1675151564620.jpeg',
        '2023-01-26 18:05:26.541',
        '2023-01-26 18:05:26.541'
    );
INSERT INTO public.image (id, user_id, image_icon, created_at, updated_at)
VALUES(
        5,
        6,
        'image-1675251993410.jpeg',
        '2023-02-01 19:46:33.419',
        '2023-02-01 19:46:33.419'
    );
INSERT INTO public.image (id, user_id, image_icon, created_at, updated_at)
VALUES(
        6,
        7,
        'image-1675258334430.jpeg',
        '2023-02-01 21:32:14.441',
        '2023-02-01 21:32:14.441'
    );
INSERT INTO public.image (id, user_id, image_icon, created_at, updated_at)
VALUES(
        7,
        8,
        'image-1675259108216.jpeg',
        '2023-02-01 21:45:08.242',
        '2023-02-01 21:45:08.242'
    );
INSERT INTO public.image (id, user_id, image_icon, created_at, updated_at)
VALUES(
        8,
        9,
        'image-1675259197015.jpeg',
        '2023-02-01 21:46:37.036',
        '2023-02-01 21:46:37.036'
    );
INSERT INTO public.image (id, user_id, image_icon, created_at, updated_at)
VALUES(
        9,
        10,
        'image-1675259261141.jpeg',
        '2023-02-01 21:47:41.162',
        '2023-02-01 21:47:41.162'
    );
INSERT INTO public.image (id, user_id, image_icon, created_at, updated_at)
VALUES(
        10,
        11,
        'image-1675259364413.jpeg',
        '2023-02-01 21:49:24.431',
        '2023-02-01 21:49:24.431'
    );
INSERT INTO public.image (id, user_id, image_icon, created_at, updated_at)
VALUES(
        11,
        12,
        'image-1675259755919.jpeg',
        '2023-02-01 21:55:55.927',
        '2023-02-01 21:55:55.927'
    );
INSERT INTO public.image (id, user_id, image_icon, created_at, updated_at)
VALUES(
        12,
        13,
        'image-1675260533887.jpeg',
        '2023-02-01 22:08:53.906',
        '2023-02-01 22:08:53.906'
    );
INSERT INTO public.image (id, user_id, image_icon, created_at, updated_at)
VALUES(
        13,
        14,
        'image-1675262157907.webp',
        '2023-02-01 22:35:57.929',
        '2023-02-01 22:35:57.929'
    );
INSERT INTO public.image (id, user_id, image_icon, created_at, updated_at)
VALUES(
        14,
        15,
        'image-1675262652115.webp',
        '2023-02-01 22:44:12.122',
        '2023-02-01 22:44:12.122'
    );
INSERT INTO public.image (id, user_id, image_icon, created_at, updated_at)
VALUES(
        15,
        16,
        'image-1675263021613.jpeg',
        '2023-02-01 22:50:21.637',
        '2023-02-01 22:50:21.637'
    );
INSERT INTO public.image (id, user_id, image_icon, created_at, updated_at)
VALUES(
        16,
        17,
        'image-1675263939919.jpeg',
        '2023-02-01 23:05:39.936',
        '2023-02-01 23:05:39.936'
    );
--5 subject
INSERT INTO public.subject (id, "name", chinese_name, created_at, updated_at)
VALUES(
        1,
        'chi',
        '中文',
        '2023-01-18 12:18:49.700',
        '2023-01-18 12:18:49.700'
    );
INSERT INTO public.subject (id, "name", chinese_name, created_at, updated_at)
VALUES(
        2,
        'eng',
        '英文',
        '2023-01-18 12:18:49.700',
        '2023-01-18 12:18:49.700'
    );
INSERT INTO public.subject (id, "name", chinese_name, created_at, updated_at)
VALUES(
        3,
        'maths',
        '數學',
        '2023-01-18 12:18:49.700',
        '2023-01-18 12:18:49.700'
    );
INSERT INTO public.subject (id, "name", chinese_name, created_at, updated_at)
VALUES(
        4,
        'econ',
        '經濟',
        '2023-01-18 12:18:49.700',
        '2023-01-18 12:18:49.700'
    );
INSERT INTO public.subject (id, "name", chinese_name, created_at, updated_at)
VALUES(
        5,
        'ls',
        '通識',
        '2023-01-18 12:18:49.700',
        '2023-01-18 12:18:49.700'
    );
INSERT INTO public.subject (id, "name", chinese_name, created_at, updated_at)
VALUES(
        6,
        'bio',
        '生物',
        '2023-01-18 12:18:49.700',
        '2023-01-18 12:18:49.700'
    );
INSERT INTO public.subject (id, "name", chinese_name, created_at, updated_at)
VALUES(
        7,
        'chem',
        '化學',
        '2023-01-18 12:18:49.700',
        '2023-01-18 12:18:49.700'
    );
INSERT INTO public.subject (id, "name", chinese_name, created_at, updated_at)
VALUES(
        8,
        'phy',
        '物理',
        '2023-01-18 12:18:49.700',
        '2023-01-18 12:18:49.700'
    );
INSERT INTO public.subject (id, "name", chinese_name, created_at, updated_at)
VALUES(
        9,
        'geog',
        '地理',
        '2023-01-18 12:18:49.700',
        '2023-01-18 12:18:49.700'
    );
INSERT INTO public.subject (id, "name", chinese_name, created_at, updated_at)
VALUES(
        10,
        'chi-history',
        '中史',
        '2023-01-18 12:18:49.700',
        '2023-01-18 12:18:49.700'
    );
INSERT INTO public.subject (id, "name", chinese_name, created_at, updated_at)
VALUES(
        11,
        'history',
        '世史',
        '2023-01-18 12:18:49.700',
        '2023-01-18 12:18:49.700'
    );
INSERT INTO public.subject (id, "name", chinese_name, created_at, updated_at)
VALUES(
        12,
        'va',
        '視覺藝術',
        '2023-01-26 16:51:50.902',
        '2023-01-26 16:51:50.902'
    );
-- 6 teacher_subject
INSERT INTO public.subject (id, "name", chinese_name, created_at, updated_at)
VALUES(
        1,
        'chi',
        '中文',
        '2023-01-18 12:18:49.700',
        '2023-01-18 12:18:49.700'
    );
INSERT INTO public.subject (id, "name", chinese_name, created_at, updated_at)
VALUES(
        2,
        'eng',
        '英文',
        '2023-01-18 12:18:49.700',
        '2023-01-18 12:18:49.700'
    );
INSERT INTO public.subject (id, "name", chinese_name, created_at, updated_at)
VALUES(
        3,
        'maths',
        '數學',
        '2023-01-18 12:18:49.700',
        '2023-01-18 12:18:49.700'
    );
INSERT INTO public.subject (id, "name", chinese_name, created_at, updated_at)
VALUES(
        4,
        'econ',
        '經濟',
        '2023-01-18 12:18:49.700',
        '2023-01-18 12:18:49.700'
    );
INSERT INTO public.subject (id, "name", chinese_name, created_at, updated_at)
VALUES(
        5,
        'ls',
        '通識',
        '2023-01-18 12:18:49.700',
        '2023-01-18 12:18:49.700'
    );
INSERT INTO public.subject (id, "name", chinese_name, created_at, updated_at)
VALUES(
        6,
        'bio',
        '生物',
        '2023-01-18 12:18:49.700',
        '2023-01-18 12:18:49.700'
    );
INSERT INTO public.subject (id, "name", chinese_name, created_at, updated_at)
VALUES(
        7,
        'chem',
        '化學',
        '2023-01-18 12:18:49.700',
        '2023-01-18 12:18:49.700'
    );
INSERT INTO public.subject (id, "name", chinese_name, created_at, updated_at)
VALUES(
        8,
        'phy',
        '物理',
        '2023-01-18 12:18:49.700',
        '2023-01-18 12:18:49.700'
    );
INSERT INTO public.subject (id, "name", chinese_name, created_at, updated_at)
VALUES(
        9,
        'geog',
        '地理',
        '2023-01-18 12:18:49.700',
        '2023-01-18 12:18:49.700'
    );
INSERT INTO public.subject (id, "name", chinese_name, created_at, updated_at)
VALUES(
        10,
        'chi-history',
        '中史',
        '2023-01-18 12:18:49.700',
        '2023-01-18 12:18:49.700'
    );
INSERT INTO public.subject (id, "name", chinese_name, created_at, updated_at)
VALUES(
        11,
        'history',
        '世史',
        '2023-01-18 12:18:49.700',
        '2023-01-18 12:18:49.700'
    );
INSERT INTO public.subject (id, "name", chinese_name, created_at, updated_at)
VALUES(
        12,
        'va',
        '視覺藝術',
        '2023-01-26 16:51:50.902',
        '2023-01-26 16:51:50.902'
    );
-- 7 school
INSERT INTO public.school (id, "name", created_at, updated_at)
VALUES(
        1,
        'Tecky',
        '2023-02-01 19:37:14.736',
        '2023-02-01 19:37:14.736'
    );
--8 bookings
INSERT INTO public.bookings (
        id,
        teacher_id,
        student_id,
        booking_date,
        booking_time,
        details,
        booking_status,
        student_status,
        teacher_status,
        created_by,
        created_at,
        updated_at
    )
VALUES(
        4,
        1,
        1,
        '2023-02-01',
        '12:00:00',
        'Please Provide insight',
        'pending',
        'pending',
        'confirm',
        'teacher',
        '2023-02-01 21:09:32.997',
        '2023-02-01 21:09:32.997'
    );
INSERT INTO public.bookings (
        id,
        teacher_id,
        student_id,
        booking_date,
        booking_time,
        details,
        booking_status,
        student_status,
        teacher_status,
        created_by,
        created_at,
        updated_at
    )
VALUES(
        5,
        1,
        1,
        '2023-02-01',
        '18:00:00',
        'Please let me know if you have any question',
        'pending',
        'pending',
        'confirm',
        'teacher',
        '2023-02-01 21:09:52.479',
        '2023-02-01 21:09:52.479'
    );
INSERT INTO public.bookings (
        id,
        teacher_id,
        student_id,
        booking_date,
        booking_time,
        details,
        booking_status,
        student_status,
        teacher_status,
        created_by,
        created_at,
        updated_at
    )
VALUES(
        6,
        1,
        6,
        '2023-02-01',
        '16:00:00',
        '1234',
        'pending',
        'pending',
        'confirm',
        'teacher',
        '2023-02-01 23:16:36.037',
        '2023-02-01 23:16:36.037'
    );
INSERT INTO public.bookings (
        id,
        teacher_id,
        student_id,
        booking_date,
        booking_time,
        details,
        booking_status,
        student_status,
        teacher_status,
        created_by,
        created_at,
        updated_at
    )
VALUES(
        10,
        7,
        10,
        '2023-02-01',
        '13:00:00',
        '1234',
        'pending',
        'confirm',
        'pending',
        'student',
        '2023-02-01 23:52:34.445',
        '2023-02-01 23:52:34.445'
    );
INSERT INTO public.bookings (
        id,
        teacher_id,
        student_id,
        booking_date,
        booking_time,
        details,
        booking_status,
        student_status,
        teacher_status,
        created_by,
        created_at,
        updated_at
    )
VALUES(
        11,
        3,
        10,
        '2023-02-01',
        '16:00:00',
        '1234',
        'pending',
        'confirm',
        'pending',
        'student',
        '2023-02-01 23:52:42.654',
        '2023-02-01 23:52:42.654'
    );
INSERT INTO public.bookings (
        id,
        teacher_id,
        student_id,
        booking_date,
        booking_time,
        details,
        booking_status,
        student_status,
        teacher_status,
        created_by,
        created_at,
        updated_at
    )
VALUES(
        14,
        3,
        10,
        '2023-02-01',
        '09:00:00',
        'eee',
        'pending',
        'confirm',
        'pending',
        'student',
        '2023-02-01 23:54:29.759',
        '2023-02-01 23:54:29.759'
    );
INSERT INTO public.bookings (
        id,
        teacher_id,
        student_id,
        booking_date,
        booking_time,
        details,
        booking_status,
        student_status,
        teacher_status,
        created_by,
        created_at,
        updated_at
    )
VALUES(
        15,
        1,
        10,
        '2023-02-01',
        '19:00:00',
        '123412',
        'pending',
        'confirm',
        'pending',
        'student',
        '2023-02-01 23:59:19.195',
        '2023-02-01 23:59:19.195'
    );
INSERT INTO public.bookings (
        id,
        teacher_id,
        student_id,
        booking_date,
        booking_time,
        details,
        booking_status,
        student_status,
        teacher_status,
        created_by,
        created_at,
        updated_at
    )
VALUES(
        16,
        1,
        10,
        '2023-02-01',
        '04:00:00',
        '1234',
        'pending',
        'confirm',
        'pending',
        'student',
        '2023-02-01 23:59:38.110',
        '2023-02-01 23:59:38.110'
    );
--9
INSERT INTO public.public_chat (
        id,
        user_id,
        sender,
        chat_record,
        chat_message_time,
        created_at,
        updated_at,
        receiver,
        is_public,
        room_id
    )
VALUES(
        1,
        2,
        '1',
        'zdgzd',
        '16:25:33',
        '2023-02-01 16:25:33.725',
        '2023-02-01 16:25:33.725',
        '0',
        NULL,
        NULL
    );
INSERT INTO public.public_chat (
        id,
        user_id,
        sender,
        chat_record,
        chat_message_time,
        created_at,
        updated_at,
        receiver,
        is_public,
        room_id
    )
VALUES(
        2,
        2,
        '1',
        'zxcxzc',
        '16:25:36',
        '2023-02-01 16:25:36.457',
        '2023-02-01 16:25:36.457',
        '1',
        NULL,
        NULL
    );
INSERT INTO public.public_chat (
        id,
        user_id,
        sender,
        chat_record,
        chat_message_time,
        created_at,
        updated_at,
        receiver,
        is_public,
        room_id
    )
VALUES(
        3,
        4,
        '1',
        'zxczx',
        '16:25:37',
        '2023-02-01 16:25:37.274',
        '2023-02-01 16:25:37.274',
        '1',
        NULL,
        NULL
    );
INSERT INTO public.public_chat (
        id,
        user_id,
        sender,
        chat_record,
        chat_message_time,
        created_at,
        updated_at,
        receiver,
        is_public,
        room_id
    )
VALUES(
        4,
        2,
        '2',
        'dsbsd',
        '16:35:19',
        '2023-02-01 16:35:19.469',
        '2023-02-01 16:35:19.469',
        '2',
        NULL,
        NULL
    );
INSERT INTO public.public_chat (
        id,
        user_id,
        sender,
        chat_record,
        chat_message_time,
        created_at,
        updated_at,
        receiver,
        is_public,
        room_id
    )
VALUES(
        5,
        3,
        '2',
        'adsfsafgasf',
        '16:35:20',
        '2023-02-01 16:35:20.844',
        '2023-02-01 16:35:20.844',
        '2',
        NULL,
        NULL
    );
INSERT INTO public.public_chat (
        id,
        user_id,
        sender,
        chat_record,
        chat_message_time,
        created_at,
        updated_at,
        receiver,
        is_public,
        room_id
    )
VALUES(
        6,
        2,
        '2',
        'asfas',
        '16:35:23',
        '2023-02-01 16:35:23.022',
        '2023-02-01 16:35:23.022',
        '1',
        NULL,
        NULL
    );
INSERT INTO public.public_chat (
        id,
        user_id,
        sender,
        chat_record,
        chat_message_time,
        created_at,
        updated_at,
        receiver,
        is_public,
        room_id
    )
VALUES(
        7,
        3,
        '2',
        'safas',
        '16:35:24',
        '2023-02-01 16:35:24.063',
        '2023-02-01 16:35:24.063',
        '1',
        NULL,
        NULL
    );
INSERT INTO public.public_chat (
        id,
        user_id,
        sender,
        chat_record,
        chat_message_time,
        created_at,
        updated_at,
        receiver,
        is_public,
        room_id
    )
VALUES(
        8,
        1,
        '2',
        'safasf',
        '16:35:25',
        '2023-02-01 16:35:25.133',
        '2023-02-01 16:35:25.133',
        '1',
        NULL,
        NULL
    );
INSERT INTO public.public_chat (
        id,
        user_id,
        sender,
        chat_record,
        chat_message_time,
        created_at,
        updated_at,
        receiver,
        is_public,
        room_id
    )
VALUES(
        9,
        3,
        '2',
        'safasf',
        '16:35:27',
        '2023-02-01 16:35:27.302',
        '2023-02-01 16:35:27.302',
        '1',
        NULL,
        NULL
    );
INSERT INTO public.public_chat (
        id,
        user_id,
        sender,
        chat_record,
        chat_message_time,
        created_at,
        updated_at,
        receiver,
        is_public,
        room_id
    )
VALUES(
        10,
        2,
        '2',
        'safsaf',
        '16:35:29',
        '2023-02-01 16:35:29.565',
        '2023-02-01 16:35:29.565',
        '1',
        NULL,
        NULL
    );
INSERT INTO public.public_chat (
        id,
        user_id,
        sender,
        chat_record,
        chat_message_time,
        created_at,
        updated_at,
        receiver,
        is_public,
        room_id
    )
VALUES(
        11,
        1,
        '3',
        'hdfhdfh',
        '17:25:05',
        '2023-02-01 17:25:05.752',
        '2023-02-01 17:25:05.752',
        '2',
        NULL,
        NULL
    );
INSERT INTO public.public_chat (
        id,
        user_id,
        sender,
        chat_record,
        chat_message_time,
        created_at,
        updated_at,
        receiver,
        is_public,
        room_id
    )
VALUES(
        12,
        1,
        '3',
        'dfhdfdfh',
        '17:25:06',
        '2023-02-01 17:25:06.847',
        '2023-02-01 17:25:06.847',
        '2',
        NULL,
        NULL
    );
INSERT INTO public.public_chat (
        id,
        user_id,
        sender,
        chat_record,
        chat_message_time,
        created_at,
        updated_at,
        receiver,
        is_public,
        room_id
    )
VALUES(
        13,
        1,
        '3',
        'dfhdf',
        '17:25:08',
        '2023-02-01 17:25:08.399',
        '2023-02-01 17:25:08.399',
        '1',
        NULL,
        NULL
    );
INSERT INTO public.public_chat (
        id,
        user_id,
        sender,
        chat_record,
        chat_message_time,
        created_at,
        updated_at,
        receiver,
        is_public,
        room_id
    )
VALUES(
        14,
        1,
        '3',
        'safafssa',
        '18:00:32',
        '2023-02-01 18:00:32.967',
        '2023-02-01 18:00:32.967',
        '6',
        NULL,
        NULL
    );
INSERT INTO public.public_chat (
        id,
        user_id,
        sender,
        chat_record,
        chat_message_time,
        created_at,
        updated_at,
        receiver,
        is_public,
        room_id
    )
VALUES(
        15,
        1,
        '3',
        'eges',
        '18:00:37',
        '2023-02-01 18:00:37.471',
        '2023-02-01 18:00:37.471',
        '6',
        NULL,
        NULL
    );
INSERT INTO public.public_chat (
        id,
        user_id,
        sender,
        chat_record,
        chat_message_time,
        created_at,
        updated_at,
        receiver,
        is_public,
        room_id
    )
VALUES(
        16,
        1,
        '3',
        'seg',
        '18:00:46',
        '2023-02-01 18:00:46.200',
        '2023-02-01 18:00:46.200',
        '3',
        NULL,
        NULL
    );
INSERT INTO public.public_chat (
        id,
        user_id,
        sender,
        chat_record,
        chat_message_time,
        created_at,
        updated_at,
        receiver,
        is_public,
        room_id
    )
VALUES(
        17,
        NULL,
        '3',
        '123
',
        '19:12:57',
        '2023-02-01 19:12:57.710',
        '2023-02-01 19:12:57.710',
        '0',
        NULL,
        NULL
    );
INSERT INTO public.public_chat (
        id,
        user_id,
        sender,
        chat_record,
        chat_message_time,
        created_at,
        updated_at,
        receiver,
        is_public,
        room_id
    )
VALUES(
        18,
        NULL,
        '3',
        '4124',
        '19:13:04',
        '2023-02-01 19:13:04.630',
        '2023-02-01 19:13:04.630',
        '1',
        NULL,
        NULL
    );
INSERT INTO public.public_chat (
        id,
        user_id,
        sender,
        chat_record,
        chat_message_time,
        created_at,
        updated_at,
        receiver,
        is_public,
        room_id
    )
VALUES(
        19,
        NULL,
        '3',
        '234',
        '19:13:06',
        '2023-02-01 19:13:06.514',
        '2023-02-01 19:13:06.514',
        '4',
        NULL,
        NULL
    );
INSERT INTO public.public_chat (
        id,
        user_id,
        sender,
        chat_record,
        chat_message_time,
        created_at,
        updated_at,
        receiver,
        is_public,
        room_id
    )
VALUES(
        20,
        NULL,
        '3',
        '123213',
        '19:13:08',
        '2023-02-01 19:13:08.537',
        '2023-02-01 19:13:08.537',
        '3',
        NULL,
        NULL
    );