INSERT INTO users (id, username, email, "password", "type", created_at, updated_at, display_name) VALUES(1, 'Tom Chan', 'tom@gmail.com', 'admin', 'student', '2023-01-18 12:18:49.673', '2023-01-18 12:18:49.673', NULL);
INSERT INTO users (id, username, email, "password", "type", created_at, updated_at, display_name) VALUES(2, 'Mary Chan', 'mary@gmail.com', 'admin', 'student', '2023-01-18 12:18:49.674', '2023-01-18 12:18:49.674', NULL);
INSERT INTO users (id, username, email, "password", "type", created_at, updated_at, display_name) VALUES(3, 'Peter Wong', 'peter@gmail.com', 'admin', 'teacher', '2023-01-18 12:18:49.675', '2023-01-18 12:18:49.675', NULL);
INSERT INTO users (id, username, email, "password", "type", created_at, updated_at, display_name) VALUES(4, 'Billy Wong', 'billy@gmail.com', 'admin', 'student', '2023-01-18 12:18:49.676', '2023-01-18 12:18:49.676', NULL);
INSERT INTO users (id, username, email, "password", "type", created_at, updated_at, display_name) VALUES(7, 'admin', 'admin@gmail.com', 'admin', 'teacher', '2023-01-18 12:18:49.676', '2023-01-18 12:18:49.676', NULL);
INSERT INTO users (id, username, email, "password", "type", created_at, updated_at, display_name) VALUES(19, 'Kiran Walsh', 'abc@gmail.com', '$2a$04$qo7dDRw.m8UgS6txK8IemuELs8hyQRpxjNMnEdf98Hpv9fTexnGU2', 'teacher', '2023-01-25 02:47:22.162', '2023-01-25 02:47:22.162', NULL);
INSERT INTO users (id, username, email, "password", "type", created_at, updated_at, display_name) VALUES(25, 'Rene Reynolds', 'abc@gmail.com', '$2a$04$QsyvWZ8AhxRsu3tfXmu6Oug1HReLM1/TSc2xM9NZDUk4iWs4ytFnO', 'student', '2023-01-25 12:30:14.577', '2023-01-25 12:30:14.577', NULL);
INSERT INTO users (id, username, email, "password", "type", created_at, updated_at, display_name) VALUES(27, 'Clark Wilkinson', 'abc@gmail.com', '$2a$04$O59gCCf1fwRnAqh7W4uL9.S/Wa/YUEd7md/YQZn5eUXJQO/kro7Vm', 'student', '2023-01-25 12:49:28.937', '2023-01-25 12:49:28.937', NULL);
INSERT INTO users (id, username, email, "password", "type", created_at, updated_at, display_name) VALUES(29, 'Jasper Parry', 'abc@gmail.com', '$2a$04$PPq9biNQZ.vGIacrwfihVux6eXXgsCANLrAV2b74Rxl1xPeAeANcy', 'student', '2023-01-25 12:51:00.893', '2023-01-25 12:51:00.893', NULL);
INSERT INTO users (id, username, email, "password", "type", created_at, updated_at, display_name) VALUES(35, 'Nicky Patel', 'Lawrence1_@live.hk', '$2a$04$dcxXEtoSp1SRPNf3j8pz1OUMYln7tFBOv6PGGSSAPbJStAq7zY.yu', 'student', '2023-01-26 14:01:04.827', '2023-01-26 14:01:04.827', NULL);
INSERT INTO users (id, username, email, "password", "type", created_at, updated_at, display_name) VALUES(36, 'Wyatt John', 'l1awrence3536@outlook.com', '$2a$04$coqPAUO09N8MWIGG6k80ROxTz7DQexvUJHjD1TcBrACs9pyIGevXe', 'student', '2023-01-26 14:02:32.992', '2023-01-26 14:02:32.992', NULL);
INSERT INTO users (id, username, email, "password", "type", created_at, updated_at, display_name) VALUES(40, '陳大佐', 'ad1111min@gmail.com', 'admin', 'student', '2023-01-26 16:28:03.452', '2023-01-26 16:28:03.452', NULL);
INSERT INTO users (id, username, email, "password", "type", created_at, updated_at, display_name) VALUES(44, 'Nia Bailey', 'ad1111min@gmail.com', 'admin', 'student', '2023-01-26 16:42:41.404', '2023-01-26 16:42:41.404', NULL);
INSERT INTO users (id, username, email, "password", "type", created_at, updated_at, display_name) VALUES(45, 'Priya Cunningham', 'ad1111min@gmail.com', 'admin', 'teacher', '2023-01-26 16:43:24.062', '2023-01-26 16:43:24.062', NULL);
INSERT INTO users (id, username, email, "password", "type", created_at, updated_at, display_name) VALUES(46, 'Alexa Butler', 'ad1111min@gmail.com', 'admin', 'teacher', '2023-01-26 16:44:00.891', '2023-01-26 16:44:00.891', NULL);
INSERT INTO users (id, username, email, "password", "type", created_at, updated_at, display_name) VALUES(47, 'Stephen Cook', 'ad1111min@gmail.com', 'admin', 'teacher', '2023-01-26 16:49:34.880', '2023-01-26 16:49:34.880', NULL);
INSERT INTO users (id, username, email, "password", "type", created_at, updated_at, display_name) VALUES(48, 'Jack Chambers', 'ad1111min@gmail.com', 'admin', 'teacher', '2023-01-26 16:51:30.138', '2023-01-26 16:51:30.138', NULL);
INSERT INTO users (id, username, email, "password", "type", created_at, updated_at, display_name) VALUES(49, 'Rory Stevens', 'ad1111min@gmail.com', 'admin', 'teacher', '2023-01-26 16:51:50.895', '2023-01-26 16:51:50.895', NULL);
INSERT INTO users (id, username, email, "password", "type", created_at, updated_at, display_name) VALUES(50, 'Stephen Cook', 'ad1111min@gmail.com', 'admin', 'teacher', '2023-01-26 16:55:16.325', '2023-01-26 16:55:16.325', NULL);
INSERT INTO users (id, username, email, "password", "type", created_at, updated_at, display_name) VALUES(51, 'Kian Shaw', 'ad1111min@gmail.com', 'admin', 'teacher', '2023-01-26 17:17:51.059', '2023-01-26 17:17:51.059', NULL);
INSERT INTO users (id, username, email, "password", "type", created_at, updated_at, display_name) VALUES(52, 'Buddy Young', 'ad1111min@gmail.com', 'admin', 'teacher', '2023-01-26 17:19:29.530', '2023-01-26 17:19:29.530', NULL);
INSERT INTO users (id, username, email, "password", "type", created_at, updated_at, display_name) VALUES(53, 'Gabriel Henderson', 'ad1111min@gmail.com', 'admin', 'teacher', '2023-01-26 17:20:26.001', '2023-01-26 17:20:26.001', NULL);
INSERT INTO users (id, username, email, "password", "type", created_at, updated_at, display_name) VALUES(54, 'Jude Thomas', 'ad1111min@gmail.com', 'admin', 'teacher', '2023-01-26 17:23:22.265', '2023-01-26 17:23:22.265', NULL);
INSERT INTO users (id, username, email, "password", "type", created_at, updated_at, display_name) VALUES(55, 'Lane Parry', 'ad1111min@gmail.com', 'admin', 'teacher', '2023-01-26 17:25:00.681', '2023-01-26 17:25:00.681', NULL);
INSERT INTO users (id, username, email, "password", "type", created_at, updated_at, display_name) VALUES(56, 'Silver Price', 'wdwqdqwd21@23.com', 'admin', 'teacher', '2023-01-26 17:32:54.625', '2023-01-26 17:32:54.625', NULL);
INSERT INTO users (id, username, email, "password", "type", created_at, updated_at, display_name) VALUES(57, 'Kiran Byrne', 'wdwqdqwd21@23.com', 'admin', 'teacher', '2023-01-26 17:33:15.671', '2023-01-26 17:33:15.671', NULL);
INSERT INTO users (id, username, email, "password", "type", created_at, updated_at, display_name) VALUES(58, 'Jude Mccarthy', 'wdwqdqwd21@23.com', 'admin', 'teacher', '2023-01-26 17:35:13.628', '2023-01-26 17:35:13.628', NULL);
INSERT INTO users (id, username, email, "password", "type", created_at, updated_at, display_name) VALUES(59, 'Raylee Mitchell', 'tom111222@gmail.com', 'admin', 'teacher', '2023-01-26 17:36:07.541', '2023-01-26 17:36:07.541', NULL);
INSERT INTO users (id, username, email, "password", "type", created_at, updated_at, display_name) VALUES(60, 'Marley Hunt', 'tom1112ss22@gmail.com', 'admin', 'teacher', '2023-01-26 17:37:07.364', '2023-01-26 17:37:07.364', NULL);
INSERT INTO users (id, username, email, "password", "type", created_at, updated_at, display_name) VALUES(61, 'Skye Parry', 'adm111in@gmail.com', 'admin', 'teacher', '2023-01-26 17:59:42.526', '2023-01-26 17:59:42.526', NULL);
INSERT INTO users (id, username, email, "password", "type", created_at, updated_at, display_name) VALUES(62, 'Rory Baxter', 'ad111m111in@gmail.com', 'admin', 'teacher', '2023-01-26 18:00:58.754', '2023-01-26 18:00:58.754', NULL);
INSERT INTO users (id, username, email, "password", "type", created_at, updated_at, display_name) VALUES(63, 'Marley Hunt', 'ad111m111in@gmail.com', 'admin', 'teacher', '2023-01-26 18:05:26.536', '2023-01-26 18:05:26.536', NULL);
INSERT INTO users (id, username, email, "password", "type", created_at, updated_at, display_name) VALUES(64, 'Charlie Cox', 'ad111m111in@gmail.com', 'admin', 'teacher', '2023-01-26 18:05:38.543', '2023-01-26 18:05:38.543', NULL);
INSERT INTO users (id, username, email, "password", "type", created_at, updated_at, display_name) VALUES(65, 'Cory Wilson', 'ad111m111in@gmail.com', 'admin', 'teacher', '2023-01-26 18:05:56.408', '2023-01-26 18:05:56.408', NULL);
INSERT INTO users (id, username, email, "password", "type", created_at, updated_at, display_name) VALUES(66, 'Skylar Thomas', 'tom@gmail.com', 'admin', 'teacher', '2023-01-26 18:58:29.959', '2023-01-26 18:58:29.959', NULL);
INSERT INTO users (id, username, email, "password", "type", created_at, updated_at, display_name) VALUES(67, '牙遠', 'Peter@123.com', 'Peter', 'student', '2023-01-27 10:35:59.098', '2023-01-27 10:35:59.098', NULL);
INSERT INTO users (id, username, email, "password", "type", created_at, updated_at, display_name) VALUES(68, '元寶', 'Peter123@123.com', 'Peter', 'student', '2023-01-27 10:37:21.768', '2023-01-27 10:37:21.768', NULL);
INSERT INTO users (id, username, email, "password", "type", created_at, updated_at, display_name) VALUES(69, 'Cole Ross', 'Peter123@123.com', 'Peter', 'student', '2023-01-27 10:38:47.175', '2023-01-27 10:38:47.175', NULL);
INSERT INTO users (id, username, email, "password", "type", created_at, updated_at, display_name) VALUES(70, 'Kyra Turner', 'Peter123@123.com', 'Peter', 'student', '2023-01-27 10:39:20.504', '2023-01-27 10:39:20.504', NULL);
INSERT INTO users (id, username, email, "password", "type", created_at, updated_at, display_name) VALUES(71, 'Diana Owen', 'Peter123@123.com', 'Peter', 'student', '2023-01-27 10:39:26.637', '2023-01-27 10:39:26.637', NULL);
INSERT INTO users (id, username, email, "password", "type", created_at, updated_at, display_name) VALUES(72, 'Emmie Baker', 'Peter1123@123.com', 'Peter', 'student', '2023-01-27 10:40:44.005', '2023-01-27 10:40:44.005', NULL);
INSERT INTO users (id, username, email, "password", "type", created_at, updated_at, display_name) VALUES(73, 'Arianna Campbell', 'Peter1123@123.com', 'Peter', 'student', '2023-01-27 10:41:17.196', '2023-01-27 10:41:17.196', NULL);
INSERT INTO users (id, username, email, "password", "type", created_at, updated_at, display_name) VALUES(74, 'Betsy Newman', 'demo@test.com', 'admin', 'student', '2023-01-27 10:41:58.310', '2023-01-27 10:41:58.310', NULL);
INSERT INTO users (id, username, email, "password", "type", created_at, updated_at, display_name) VALUES(75, 'Rachel Hunt', 'demo@test.com', 'admin', 'student', '2023-01-27 10:41:59.488', '2023-01-27 10:41:59.488', NULL);
INSERT INTO users (id, username, email, "password", "type", created_at, updated_at, display_name) VALUES(76, 'Nova Fox', 'demo1111@test.com', 'admin', 'teacher', '2023-01-27 10:42:52.714', '2023-01-27 10:42:52.714', NULL);
INSERT INTO users (id, username, email, "password", "type", created_at, updated_at, display_name) VALUES(77, 'Winnie George', 'demo1111@test.com', 'admin', 'student', '2023-01-27 10:42:54.971', '2023-01-27 10:42:54.971', NULL);
INSERT INTO users (id, username, email, "password", "type", created_at, updated_at, display_name) VALUES(78, 'Mell Duncan', 'demo1111@test.com', 'admin', 'teacher', '2023-01-27 10:44:48.553', '2023-01-27 10:44:48.553', NULL);
INSERT INTO users (id, username, email, "password", "type", created_at, updated_at, display_name) VALUES(79, 'Ashton Johnston', 'demo1111@test.com', 'admin', 'student', '2023-01-27 10:45:02.480', '2023-01-27 10:45:02.480', NULL);
INSERT INTO users (id, username, email, "password", "type", created_at, updated_at, display_name) VALUES(80, 'Rudy Sutton', 'demo1111@test.com', 'admin', 'student', '2023-01-27 10:45:03.555', '2023-01-27 10:45:03.555', NULL);
INSERT INTO users (id, username, email, "password", "type", created_at, updated_at, display_name) VALUES(81, 'Alex Miller', 'jojo@123.com', 'admin', 'student', '2023-01-27 10:54:25.081', '2023-01-27 10:54:25.081', NULL);
INSERT INTO users (id, username, email, "password", "type", created_at, updated_at, display_name) VALUES(82, 'Jude Cole', 'admin111@gmail.com', 'admin', 'teacher', '2023-01-27 11:07:13.981', '2023-01-27 11:07:13.981', NULL);
INSERT INTO users (id, username, email, "password", "type", created_at, updated_at, display_name) VALUES(83, 'Kiran Russell', 'demo12@test.com', 'admin', 'student', '2023-01-27 11:10:19.752', '2023-01-27 11:10:19.752', NULL);
INSERT INTO users (id, username, email, "password", "type", created_at, updated_at, display_name) VALUES(84, 'Bennie Cunningham', 'KEN@123.com', 'admin', 'student', '2023-01-27 11:10:46.472', '2023-01-27 11:10:46.472', NULL);
INSERT INTO users (id, username, email, "password", "type", created_at, updated_at, display_name) VALUES(85, 'Ali Elliott', 'mary@gmail.com', 'admin', 'student', '2023-01-27 11:36:31.875', '2023-01-27 11:36:31.875', NULL);
INSERT INTO users (id, username, email, "password", "type", created_at, updated_at, display_name) VALUES(86, 'Silver Stone', 'kenny@g123.com', 'admin', 'student', '2023-01-27 11:37:35.707', '2023-01-27 11:37:35.707', NULL);
INSERT INTO users (id, username, email, "password", "type", created_at, updated_at, display_name) VALUES(87, 'Erin Gill', 'schoolteam@1.com', 'admin', 'student', '2023-01-27 11:38:15.898', '2023-01-27 11:38:15.898', NULL);
INSERT INTO users (id, username, email, "password", "type", created_at, updated_at, display_name) VALUES(88, 'Mell Richards', 'chan123@gmail.com', 'admin', 'student', '2023-01-27 14:40:52.546', '2023-01-27 14:40:52.546', NULL);
INSERT INTO users (id, username, email, "password", "type", created_at, updated_at, display_name) VALUES(90, 'PETER!@#', 'PETER@1.com', 'peter', 'teacher', '2023-01-27 19:09:03.612', '2023-01-27 19:09:03.612', NULL);
INSERT INTO users (id, username, email, "password", "type", created_at, updated_at, display_name) VALUES(91, 's123', 'wdwq122121@23.com', 'admin', 'teacher', '2023-01-27 23:20:53.073', '2023-01-27 23:20:53.073', NULL);
INSERT INTO users (id, username, email, "password", "type", created_at, updated_at, display_name) VALUES(92, '用戶', 'abc@abc.com', 'admin', 'teacher', '2023-01-28 16:45:56.597', '2023-01-28 16:45:56.597', NULL);
INSERT INTO users (id, username, email, "password", "type", created_at, updated_at, display_name) VALUES(93, '用戶2', '123@123.com', 'admin', 'teacher', '2023-01-28 16:53:46.077', '2023-01-28 16:53:46.077', NULL);
INSERT INTO users (id, username, email, "password", "type", created_at, updated_at, display_name) VALUES(94, 'SIR', 'SIR@SIR.com', 'admin', 'teacher', '2023-01-28 17:23:19.294', '2023-01-28 17:23:19.294', NULL);
INSERT INTO users (id, username, email, "password", "type", created_at, updated_at, display_name) VALUES(95, 'lawr', '123@123.com', '123', 'teacher', '2023-01-31 15:52:44.625', '2023-01-31 15:52:44.625', NULL);


INSERT INTO teacher (id, user_id, created_at, updated_at) VALUES(1, 3, '2023-01-18 12:18:49.700', '2023-01-18 12:18:49.700');
INSERT INTO teacher (id, user_id, created_at, updated_at) VALUES(2, 4, '2023-01-18 12:18:49.700', '2023-01-18 12:18:49.700');
INSERT INTO teacher (id, user_id, created_at, updated_at) VALUES(3, 45, '2023-01-26 16:43:24.066', '2023-01-26 16:43:24.066');
INSERT INTO teacher (id, user_id, created_at, updated_at) VALUES(4, 46, '2023-01-26 16:44:00.897', '2023-01-26 16:44:00.897');
INSERT INTO teacher (id, user_id, created_at, updated_at) VALUES(5, 47, '2023-01-26 16:49:34.884', '2023-01-26 16:49:34.884');
INSERT INTO teacher (id, user_id, created_at, updated_at) VALUES(6, 48, '2023-01-26 16:51:30.142', '2023-01-26 16:51:30.142');
INSERT INTO teacher (id, user_id, created_at, updated_at) VALUES(7, 49, '2023-01-26 16:51:50.898', '2023-01-26 16:51:50.898');
INSERT INTO teacher (id, user_id, created_at, updated_at) VALUES(8, 50, '2023-01-26 16:55:16.329', '2023-01-26 16:55:16.329');
INSERT INTO teacher (id, user_id, created_at, updated_at) VALUES(9, 51, '2023-01-26 17:17:51.064', '2023-01-26 17:17:51.064');
INSERT INTO teacher (id, user_id, created_at, updated_at) VALUES(10, 52, '2023-01-26 17:19:29.533', '2023-01-26 17:19:29.533');
INSERT INTO teacher (id, user_id, created_at, updated_at) VALUES(11, 53, '2023-01-26 17:20:26.005', '2023-01-26 17:20:26.005');
INSERT INTO teacher (id, user_id, created_at, updated_at) VALUES(12, 54, '2023-01-26 17:23:22.269', '2023-01-26 17:23:22.269');
INSERT INTO teacher (id, user_id, created_at, updated_at) VALUES(13, 55, '2023-01-26 17:25:00.684', '2023-01-26 17:25:00.684');
INSERT INTO teacher (id, user_id, created_at, updated_at) VALUES(14, 56, '2023-01-26 17:32:54.628', '2023-01-26 17:32:54.628');
INSERT INTO teacher (id, user_id, created_at, updated_at) VALUES(15, 57, '2023-01-26 17:33:15.673', '2023-01-26 17:33:15.673');
INSERT INTO teacher (id, user_id, created_at, updated_at) VALUES(16, 58, '2023-01-26 17:35:13.631', '2023-01-26 17:35:13.631');
INSERT INTO teacher (id, user_id, created_at, updated_at) VALUES(17, 59, '2023-01-26 17:36:07.542', '2023-01-26 17:36:07.542');
INSERT INTO teacher (id, user_id, created_at, updated_at) VALUES(18, 60, '2023-01-26 17:37:07.368', '2023-01-26 17:37:07.368');
INSERT INTO teacher (id, user_id, created_at, updated_at) VALUES(19, 61, '2023-01-26 17:59:42.528', '2023-01-26 17:59:42.528');
INSERT INTO teacher (id, user_id, created_at, updated_at) VALUES(20, 62, '2023-01-26 18:00:58.758', '2023-01-26 18:00:58.758');
INSERT INTO teacher (id, user_id, created_at, updated_at) VALUES(21, 63, '2023-01-26 18:05:26.539', '2023-01-26 18:05:26.539');
INSERT INTO teacher (id, user_id, created_at, updated_at) VALUES(22, 64, '2023-01-26 18:05:38.559', '2023-01-26 18:05:38.559');
INSERT INTO teacher (id, user_id, created_at, updated_at) VALUES(23, 65, '2023-01-26 18:05:56.414', '2023-01-26 18:05:56.414');
INSERT INTO teacher (id, user_id, created_at, updated_at) VALUES(24, 66, '2023-01-26 18:58:29.962', '2023-01-26 18:58:29.962');
INSERT INTO teacher (id, user_id, created_at, updated_at) VALUES(25, 67, '2023-01-27 10:35:59.106', '2023-01-27 10:35:59.106');
INSERT INTO teacher (id, user_id, created_at, updated_at) VALUES(26, 68, '2023-01-27 10:37:21.770', '2023-01-27 10:37:21.770');
INSERT INTO teacher (id, user_id, created_at, updated_at) VALUES(27, 69, '2023-01-27 10:38:47.176', '2023-01-27 10:38:47.176');
INSERT INTO teacher (id, user_id, created_at, updated_at) VALUES(28, 70, '2023-01-27 10:39:20.506', '2023-01-27 10:39:20.506');
INSERT INTO teacher (id, user_id, created_at, updated_at) VALUES(29, 71, '2023-01-27 10:39:26.642', '2023-01-27 10:39:26.642');
INSERT INTO teacher (id, user_id, created_at, updated_at) VALUES(30, 72, '2023-01-27 10:40:44.009', '2023-01-27 10:40:44.009');
INSERT INTO teacher (id, user_id, created_at, updated_at) VALUES(31, 73, '2023-01-27 10:41:17.199', '2023-01-27 10:41:17.199');
INSERT INTO teacher (id, user_id, created_at, updated_at) VALUES(32, 74, '2023-01-27 10:41:58.312', '2023-01-27 10:41:58.312');
INSERT INTO teacher (id, user_id, created_at, updated_at) VALUES(33, 75, '2023-01-27 10:41:59.500', '2023-01-27 10:41:59.500');
INSERT INTO teacher (id, user_id, created_at, updated_at) VALUES(34, 76, '2023-01-27 10:42:52.717', '2023-01-27 10:42:52.717');
INSERT INTO teacher (id, user_id, created_at, updated_at) VALUES(35, 77, '2023-01-27 10:42:54.974', '2023-01-27 10:42:54.974');
INSERT INTO teacher (id, user_id, created_at, updated_at) VALUES(36, 78, '2023-01-27 10:44:48.569', '2023-01-27 10:44:48.569');
INSERT INTO teacher (id, user_id, created_at, updated_at) VALUES(37, 79, '2023-01-27 10:45:02.482', '2023-01-27 10:45:02.482');
INSERT INTO teacher (id, user_id, created_at, updated_at) VALUES(38, 80, '2023-01-27 10:45:03.567', '2023-01-27 10:45:03.567');
INSERT INTO teacher (id, user_id, created_at, updated_at) VALUES(39, 81, '2023-01-27 10:54:25.083', '2023-01-27 10:54:25.083');
INSERT INTO teacher (id, user_id, created_at, updated_at) VALUES(40, 82, '2023-01-27 11:07:13.983', '2023-01-27 11:07:13.983');
INSERT INTO teacher (id, user_id, created_at, updated_at) VALUES(41, 83, '2023-01-27 11:10:19.766', '2023-01-27 11:10:19.766');
INSERT INTO teacher (id, user_id, created_at, updated_at) VALUES(42, 84, '2023-01-27 11:10:46.479', '2023-01-27 11:10:46.479');
INSERT INTO teacher (id, user_id, created_at, updated_at) VALUES(43, 85, '2023-01-27 11:36:31.880', '2023-01-27 11:36:31.880');
INSERT INTO teacher (id, user_id, created_at, updated_at) VALUES(44, 86, '2023-01-27 11:37:35.717', '2023-01-27 11:37:35.717');
INSERT INTO teacher (id, user_id, created_at, updated_at) VALUES(45, 87, '2023-01-27 11:38:15.910', '2023-01-27 11:38:15.910');
INSERT INTO teacher (id, user_id, created_at, updated_at) VALUES(46, 88, '2023-01-27 14:40:52.549', '2023-01-27 14:40:52.549');
INSERT INTO teacher (id, user_id, created_at, updated_at) VALUES(47, 90, '2023-01-27 19:09:03.614', '2023-01-27 19:09:03.614');
INSERT INTO teacher (id, user_id, created_at, updated_at) VALUES(48, 91, '2023-01-27 23:20:53.082', '2023-01-27 23:20:53.082');
INSERT INTO teacher (id, user_id, created_at, updated_at) VALUES(49, 92, '2023-01-28 16:45:56.606', '2023-01-28 16:45:56.606');
INSERT INTO teacher (id, user_id, created_at, updated_at) VALUES(50, 93, '2023-01-28 16:53:46.079', '2023-01-28 16:53:46.079');
INSERT INTO teacher (id, user_id, created_at, updated_at) VALUES(51, 94, '2023-01-28 17:23:19.297', '2023-01-28 17:23:19.297');
INSERT INTO teacher (id, user_id, created_at, updated_at) VALUES(52, 95, '2023-01-31 15:52:44.631', '2023-01-31 15:52:44.631');





INSERT INTO subject (id, "name", created_at, updated_at, chinese_name) VALUES(1, 'chi', '2023-01-18 12:18:49.700', '2023-01-18 12:18:49.700', '中文');
INSERT INTO subject (id, "name", created_at, updated_at, chinese_name) VALUES(2, 'eng', '2023-01-18 12:18:49.700', '2023-01-18 12:18:49.700', '英文');
INSERT INTO subject (id, "name", created_at, updated_at, chinese_name) VALUES(3, 'maths', '2023-01-18 12:18:49.700', '2023-01-18 12:18:49.700', '數學');
INSERT INTO subject (id, "name", created_at, updated_at, chinese_name) VALUES(4, 'econ', '2023-01-18 12:18:49.700', '2023-01-18 12:18:49.700', '經濟');
INSERT INTO subject (id, "name", created_at, updated_at, chinese_name) VALUES(5, 'ls', '2023-01-18 12:18:49.700', '2023-01-18 12:18:49.700', '通識');
INSERT INTO subject (id, "name", created_at, updated_at, chinese_name) VALUES(6, 'bio', '2023-01-18 12:18:49.700', '2023-01-18 12:18:49.700', '生物');
INSERT INTO subject (id, "name", created_at, updated_at, chinese_name) VALUES(7, 'chem', '2023-01-18 12:18:49.700', '2023-01-18 12:18:49.700', '化學');
INSERT INTO subject (id, "name", created_at, updated_at, chinese_name) VALUES(8, 'phy', '2023-01-18 12:18:49.700', '2023-01-18 12:18:49.700', '物理');
INSERT INTO subject (id, "name", created_at, updated_at, chinese_name) VALUES(9, 'geog', '2023-01-18 12:18:49.700', '2023-01-18 12:18:49.700', '地理');
INSERT INTO subject (id, "name", created_at, updated_at, chinese_name) VALUES(10, 'chi-history', '2023-01-18 12:18:49.700', '2023-01-18 12:18:49.700', '中史');
INSERT INTO subject (id, "name", created_at, updated_at, chinese_name) VALUES(11, 'history', '2023-01-18 12:18:49.700', '2023-01-18 12:18:49.700', '世史');
INSERT INTO subject (id, "name", created_at, updated_at, chinese_name) VALUES(12, 'va', '2023-01-26 16:51:50.902', '2023-01-26 16:51:50.902', '視覺藝術');


INSERT INTO teacher_subject (id, subject_id, teacher_id, created_at, updated_at) VALUES(1, 2, 1, '2023-01-18 12:18:49.700', '2023-01-18 12:18:49.700');
INSERT INTO teacher_subject (id, subject_id, teacher_id, created_at, updated_at) VALUES(2, 4, 2, '2023-01-18 12:18:49.700', '2023-01-18 12:18:49.700');
INSERT INTO teacher_subject (id, subject_id, teacher_id, created_at, updated_at) VALUES(9, 5, 15, '2023-01-26 17:33:15.675', '2023-01-26 17:33:15.675');
INSERT INTO teacher_subject (id, subject_id, teacher_id, created_at, updated_at) VALUES(10, 9, 16, '2023-01-26 17:35:13.633', '2023-01-26 17:35:13.633');
INSERT INTO teacher_subject (id, subject_id, teacher_id, created_at, updated_at) VALUES(11, 1, 17, '2023-01-26 17:36:07.543', '2023-01-26 17:36:07.543');
INSERT INTO teacher_subject (id, subject_id, teacher_id, created_at, updated_at) VALUES(12, 1, 18, '2023-01-26 17:37:07.371', '2023-01-26 17:37:07.371');
INSERT INTO teacher_subject (id, subject_id, teacher_id, created_at, updated_at) VALUES(13, 1, 19, '2023-01-26 17:59:42.529', '2023-01-26 17:59:42.529');
INSERT INTO teacher_subject (id, subject_id, teacher_id, created_at, updated_at) VALUES(14, 1, 20, '2023-01-26 18:00:58.759', '2023-01-26 18:00:58.759');
INSERT INTO teacher_subject (id, subject_id, teacher_id, created_at, updated_at) VALUES(15, 1, 21, '2023-01-26 18:05:26.540', '2023-01-26 18:05:26.540');
INSERT INTO teacher_subject (id, subject_id, teacher_id, created_at, updated_at) VALUES(16, 1, 22, '2023-01-26 18:05:38.559', '2023-01-26 18:05:38.559');
INSERT INTO teacher_subject (id, subject_id, teacher_id, created_at, updated_at) VALUES(17, 1, 23, '2023-01-26 18:05:56.416', '2023-01-26 18:05:56.416');
INSERT INTO teacher_subject (id, subject_id, teacher_id, created_at, updated_at) VALUES(18, 1, 24, '2023-01-26 18:58:29.964', '2023-01-26 18:58:29.964');
INSERT INTO teacher_subject (id, subject_id, teacher_id, created_at, updated_at) VALUES(19, 2, 25, '2023-01-27 10:35:59.110', '2023-01-27 10:35:59.110');
INSERT INTO teacher_subject (id, subject_id, teacher_id, created_at, updated_at) VALUES(20, 5, 26, '2023-01-27 10:37:21.771', '2023-01-27 10:37:21.771');
INSERT INTO teacher_subject (id, subject_id, teacher_id, created_at, updated_at) VALUES(21, 5, 27, '2023-01-27 10:38:47.178', '2023-01-27 10:38:47.178');
INSERT INTO teacher_subject (id, subject_id, teacher_id, created_at, updated_at) VALUES(22, 5, 28, '2023-01-27 10:39:20.507', '2023-01-27 10:39:20.507');
INSERT INTO teacher_subject (id, subject_id, teacher_id, created_at, updated_at) VALUES(23, 5, 29, '2023-01-27 10:39:26.643', '2023-01-27 10:39:26.643');
INSERT INTO teacher_subject (id, subject_id, teacher_id, created_at, updated_at) VALUES(24, 8, 30, '2023-01-27 10:40:44.010', '2023-01-27 10:40:44.010');
INSERT INTO teacher_subject (id, subject_id, teacher_id, created_at, updated_at) VALUES(25, 8, 31, '2023-01-27 10:41:17.201', '2023-01-27 10:41:17.201');
INSERT INTO teacher_subject (id, subject_id, teacher_id, created_at, updated_at) VALUES(26, 6, 32, '2023-01-27 10:41:58.313', '2023-01-27 10:41:58.313');
INSERT INTO teacher_subject (id, subject_id, teacher_id, created_at, updated_at) VALUES(27, 6, 33, '2023-01-27 10:41:59.501', '2023-01-27 10:41:59.501');
INSERT INTO teacher_subject (id, subject_id, teacher_id, created_at, updated_at) VALUES(28, 9, 34, '2023-01-27 10:42:52.718', '2023-01-27 10:42:52.718');
INSERT INTO teacher_subject (id, subject_id, teacher_id, created_at, updated_at) VALUES(29, 9, 35, '2023-01-27 10:42:54.976', '2023-01-27 10:42:54.976');
INSERT INTO teacher_subject (id, subject_id, teacher_id, created_at, updated_at) VALUES(30, 9, 36, '2023-01-27 10:44:48.570', '2023-01-27 10:44:48.570');
INSERT INTO teacher_subject (id, subject_id, teacher_id, created_at, updated_at) VALUES(31, 9, 37, '2023-01-27 10:45:02.483', '2023-01-27 10:45:02.483');
INSERT INTO teacher_subject (id, subject_id, teacher_id, created_at, updated_at) VALUES(32, 9, 38, '2023-01-27 10:45:03.568', '2023-01-27 10:45:03.568');
INSERT INTO teacher_subject (id, subject_id, teacher_id, created_at, updated_at) VALUES(33, 2, 39, '2023-01-27 10:54:25.088', '2023-01-27 10:54:25.088');
INSERT INTO teacher_subject (id, subject_id, teacher_id, created_at, updated_at) VALUES(34, 6, 40, '2023-01-27 11:07:13.985', '2023-01-27 11:07:13.985');
INSERT INTO teacher_subject (id, subject_id, teacher_id, created_at, updated_at) VALUES(35, 9, 41, '2023-01-27 11:10:19.767', '2023-01-27 11:10:19.767');
INSERT INTO teacher_subject (id, subject_id, teacher_id, created_at, updated_at) VALUES(36, 3, 42, '2023-01-27 11:10:46.484', '2023-01-27 11:10:46.484');
INSERT INTO teacher_subject (id, subject_id, teacher_id, created_at, updated_at) VALUES(37, 5, 43, '2023-01-27 11:36:31.881', '2023-01-27 11:36:31.881');
INSERT INTO teacher_subject (id, subject_id, teacher_id, created_at, updated_at) VALUES(38, 9, 44, '2023-01-27 11:37:35.718', '2023-01-27 11:37:35.718');
INSERT INTO teacher_subject (id, subject_id, teacher_id, created_at, updated_at) VALUES(39, 11, 45, '2023-01-27 11:38:15.912', '2023-01-27 11:38:15.912');
INSERT INTO teacher_subject (id, subject_id, teacher_id, created_at, updated_at) VALUES(40, 7, 46, '2023-01-27 14:40:52.550', '2023-01-27 14:40:52.550');
INSERT INTO teacher_subject (id, subject_id, teacher_id, created_at, updated_at) VALUES(3, 2, 3, '2023-01-26 16:43:24.067', '2023-01-26 16:43:24.067');
INSERT INTO teacher_subject (id, subject_id, teacher_id, created_at, updated_at) VALUES(4, 2, 4, '2023-01-26 16:44:00.899', '2023-01-26 16:44:00.899');
INSERT INTO teacher_subject (id, subject_id, teacher_id, created_at, updated_at) VALUES(5, 2, 5, '2023-01-26 16:49:34.885', '2023-01-26 16:49:34.885');
INSERT INTO teacher_subject (id, subject_id, teacher_id, created_at, updated_at) VALUES(6, 2, 6, '2023-01-26 16:51:30.144', '2023-01-26 16:51:30.144');
INSERT INTO teacher_subject (id, subject_id, teacher_id, created_at, updated_at) VALUES(7, 2, 7, '2023-01-26 16:51:50.901', '2023-01-26 16:51:50.901');
INSERT INTO teacher_subject (id, subject_id, teacher_id, created_at, updated_at) VALUES(8, 2, 8, '2023-01-26 16:55:16.330', '2023-01-26 16:55:16.330');
INSERT INTO teacher_subject (id, subject_id, teacher_id, created_at, updated_at) VALUES(41, 4, 47, '2023-01-27 19:09:03.616', '2023-01-27 19:09:03.616');
INSERT INTO teacher_subject (id, subject_id, teacher_id, created_at, updated_at) VALUES(42, 4, 48, '2023-01-27 23:20:53.084', '2023-01-27 23:20:53.084');
INSERT INTO teacher_subject (id, subject_id, teacher_id, created_at, updated_at) VALUES(43, 5, 49, '2023-01-28 16:45:56.609', '2023-01-28 16:45:56.609');
INSERT INTO teacher_subject (id, subject_id, teacher_id, created_at, updated_at) VALUES(44, 12, 50, '2023-01-28 16:53:46.080', '2023-01-28 16:53:46.080');
INSERT INTO teacher_subject (id, subject_id, teacher_id, created_at, updated_at) VALUES(45, 8, 51, '2023-01-28 17:23:19.298', '2023-01-28 17:23:19.298');
INSERT INTO teacher_subject (id, subject_id, teacher_id, created_at, updated_at) VALUES(46, 6, 52, '2023-01-31 15:52:44.632', '2023-01-31 15:52:44.632');



INSERT INTO blog (id, teacher_id, image, "content", created_at, updated_at) VALUES(1, 1, 'image01.jpg', '測試中文內容', '2023-01-18 12:18:49.700', '2023-01-18 12:18:49.700');
INSERT INTO blog (id, teacher_id, image, "content", created_at, updated_at) VALUES(2, 2, 'image02.jpg', 'TESTCONTENT', '2023-01-18 12:18:49.700', '2023-01-18 12:18:49.700');



INSERT INTO school (id, "name", created_at, updated_at) VALUES(1, '迦密主恩中學', '2023-01-18 12:18:49.700', '2023-01-18 12:18:49.700');
INSERT INTO school (id, "name", created_at, updated_at) VALUES(2, '基督教香港信義會元朗信義中學', '2023-01-18 12:18:49.700', '2023-01-18 12:18:49.700');
INSERT INTO school (id, "name", created_at, updated_at) VALUES(3, '景嶺書院', '2023-01-18 12:18:49.700', '2023-01-18 12:18:49.700');
INSERT INTO school (id, "name", created_at, updated_at) VALUES(4, '民生書院', '2023-01-18 12:18:49.700', '2023-01-18 12:18:49.700');
INSERT INTO school (id, "name", created_at, updated_at) VALUES(5, '張祝珊英文中學', '2023-01-18 12:18:49.700', '2023-01-18 12:18:49.700');
INSERT INTO school (id, "name", created_at, updated_at) VALUES(6, '香港培正中學', '2023-01-18 12:18:49.700', '2023-01-18 12:18:49.700');



INSERT INTO student (id, user_id, subject_id, school_id, academic_level, created_at, updated_at) VALUES(1, 1, 2, 4, 'F.6', '2023-01-18 12:18:49.700', '2023-01-18 12:18:49.700');
INSERT INTO student (id, user_id, subject_id, school_id, academic_level, created_at, updated_at) VALUES(2, 2, 4, 6, 'F.4', '2023-01-18 12:18:49.700', '2023-01-18 12:18:49.700');



INSERT INTO image (id, user_id, image_icon, created_at, updated_at) VALUES(10, 63, 'image-1674727526524.png', '2023-01-26 18:05:26.541', '2023-01-26 18:05:26.541');
INSERT INTO image (id, user_id, image_icon, created_at, updated_at) VALUES(12, 66, 'image-1674730709939.png', '2023-01-26 18:58:29.965', '2023-01-26 18:58:29.965');
INSERT INTO image (id, user_id, image_icon, created_at, updated_at) VALUES(13, 67, 'image-1674786959088.jpeg', '2023-01-27 10:35:59.112', '2023-01-27 10:35:59.112');
INSERT INTO image (id, user_id, image_icon, created_at, updated_at) VALUES(14, 68, 'image-1674787041760.jpeg', '2023-01-27 10:37:21.771', '2023-01-27 10:37:21.771');
INSERT INTO image (id, user_id, image_icon, created_at, updated_at) VALUES(15, 69, 'image-1674787127165.jpeg', '2023-01-27 10:38:47.179', '2023-01-27 10:38:47.179');
INSERT INTO image (id, user_id, image_icon, created_at, updated_at) VALUES(16, 70, 'image-1674787160497.jpeg', '2023-01-27 10:39:20.508', '2023-01-27 10:39:20.508');
INSERT INTO image (id, user_id, image_icon, created_at, updated_at) VALUES(17, 71, 'image-1674787166627.jpeg', '2023-01-27 10:39:26.644', '2023-01-27 10:39:26.644');
INSERT INTO image (id, user_id, image_icon, created_at, updated_at) VALUES(18, 72, 'image-1674787243996.jpeg', '2023-01-27 10:40:44.011', '2023-01-27 10:40:44.011');
INSERT INTO image (id, user_id, image_icon, created_at, updated_at) VALUES(19, 73, 'image-1674787277190.jpeg', '2023-01-27 10:41:17.202', '2023-01-27 10:41:17.202');
INSERT INTO image (id, user_id, image_icon, created_at, updated_at) VALUES(20, 74, 'image-1674787318292.png', '2023-01-27 10:41:58.313', '2023-01-27 10:41:58.313');
INSERT INTO image (id, user_id, image_icon, created_at, updated_at) VALUES(21, 75, 'image-1674787319483.png', '2023-01-27 10:41:59.502', '2023-01-27 10:41:59.502');
INSERT INTO image (id, user_id, image_icon, created_at, updated_at) VALUES(22, 76, 'image-1674787372709.png', '2023-01-27 10:42:52.725', '2023-01-27 10:42:52.725');
INSERT INTO image (id, user_id, image_icon, created_at, updated_at) VALUES(23, 77, 'image-1674787374965.png', '2023-01-27 10:42:54.981', '2023-01-27 10:42:54.981');
INSERT INTO image (id, user_id, image_icon, created_at, updated_at) VALUES(24, 78, 'image-1674787488544.png', '2023-01-27 10:44:48.571', '2023-01-27 10:44:48.571');
INSERT INTO image (id, user_id, image_icon, created_at, updated_at) VALUES(25, 79, 'image-1674787502472.png', '2023-01-27 10:45:02.484', '2023-01-27 10:45:02.484');
INSERT INTO image (id, user_id, image_icon, created_at, updated_at) VALUES(26, 80, 'image-1674787503550.png', '2023-01-27 10:45:03.569', '2023-01-27 10:45:03.569');
INSERT INTO image (id, user_id, image_icon, created_at, updated_at) VALUES(27, 81, 'image-1674788065072.jpeg', '2023-01-27 10:54:25.093', '2023-01-27 10:54:25.093');
INSERT INTO image (id, user_id, image_icon, created_at, updated_at) VALUES(28, 82, 'image-1674788833966.jpeg', '2023-01-27 11:07:13.988', '2023-01-27 11:07:13.988');
INSERT INTO image (id, user_id, image_icon, created_at, updated_at) VALUES(29, 83, 'image-1674789019746.jpeg', '2023-01-27 11:10:19.768', '2023-01-27 11:10:19.768');
INSERT INTO image (id, user_id, image_icon, created_at, updated_at) VALUES(30, 84, 'image-1674789046465.jpeg', '2023-01-27 11:10:46.488', '2023-01-27 11:10:46.488');
INSERT INTO image (id, user_id, image_icon, created_at, updated_at) VALUES(31, 85, 'image-1674790591863.jpeg', '2023-01-27 11:36:31.882', '2023-01-27 11:36:31.882');
INSERT INTO image (id, user_id, image_icon, created_at, updated_at) VALUES(32, 86, 'image-1674790655699.jpeg', '2023-01-27 11:37:35.720', '2023-01-27 11:37:35.720');
INSERT INTO image (id, user_id, image_icon, created_at, updated_at) VALUES(33, 87, 'image-1674790695889.jpeg', '2023-01-27 11:38:15.915', '2023-01-27 11:38:15.915');
INSERT INTO image (id, user_id, image_icon, created_at, updated_at) VALUES(34, 88, 'image-1674801652522.jpeg', '2023-01-27 14:40:52.551', '2023-01-27 14:40:52.551');
INSERT INTO image (id, user_id, image_icon, created_at, updated_at) VALUES(35, 90, 'image-1674817743601.jpeg', '2023-01-27 19:09:03.617', '2023-01-27 19:09:03.617');
INSERT INTO image (id, user_id, image_icon, created_at, updated_at) VALUES(1, 44, 'image-1674730709939.png', '2023-01-26 16:42:41.431', '2023-01-26 16:42:41.431');
INSERT INTO image (id, user_id, image_icon, created_at, updated_at) VALUES(2, 45, 'image-1674730709939.png', '2023-01-26 16:43:24.064', '2023-01-26 16:43:24.064');
INSERT INTO image (id, user_id, image_icon, created_at, updated_at) VALUES(3, 46, 'image-1674730709939.png', '2023-01-26 16:44:00.894', '2023-01-26 16:44:00.894');
INSERT INTO image (id, user_id, image_icon, created_at, updated_at) VALUES(4, 47, 'image-1674730709939.png', '2023-01-26 16:49:34.882', '2023-01-26 16:49:34.882');
INSERT INTO image (id, user_id, image_icon, created_at, updated_at) VALUES(5, 57, 'image-1674730709939.png', '2023-01-26 17:33:15.692', '2023-01-26 17:33:15.692');
INSERT INTO image (id, user_id, image_icon, created_at, updated_at) VALUES(6, 58, 'image-1674730709939.png', '2023-01-26 17:35:13.634', '2023-01-26 17:35:13.634');
INSERT INTO image (id, user_id, image_icon, created_at, updated_at) VALUES(7, 59, 'image-1674730709939.png', '2023-01-26 17:36:07.544', '2023-01-26 17:36:07.544');
INSERT INTO image (id, user_id, image_icon, created_at, updated_at) VALUES(8, 60, 'image-1674730709939.png', '2023-01-26 17:37:07.372', '2023-01-26 17:37:07.372');
INSERT INTO image (id, user_id, image_icon, created_at, updated_at) VALUES(9, 61, 'image-1674730709939.png', '2023-01-26 17:59:42.530', '2023-01-26 17:59:42.530');
INSERT INTO image (id, user_id, image_icon, created_at, updated_at) VALUES(11, 65, 'image-1674730709939.png', '2023-01-26 18:05:56.417', '2023-01-26 18:05:56.417');
INSERT INTO image (id, user_id, image_icon, created_at, updated_at) VALUES(36, 91, 'image-1674832853062.jpeg', '2023-01-27 23:20:53.085', '2023-01-27 23:20:53.085');
INSERT INTO image (id, user_id, image_icon, created_at, updated_at) VALUES(37, 92, 'image-1674895556592.jpeg', '2023-01-28 16:45:56.611', '2023-01-28 16:45:56.611');
INSERT INTO image (id, user_id, image_icon, created_at, updated_at) VALUES(38, 93, 'image-1674896026074.jpeg', '2023-01-28 16:53:46.082', '2023-01-28 16:53:46.082');
INSERT INTO image (id, user_id, image_icon, created_at, updated_at) VALUES(39, 94, 'image-1674897799280.png', '2023-01-28 17:23:19.299', '2023-01-28 17:23:19.299');
INSERT INTO image (id, user_id, image_icon, created_at, updated_at) VALUES(40, 95, 'image-1675151564620.jpeg', '2023-01-31 15:52:44.634', '2023-01-31 15:52:44.634');
INSERT INTO image (id, user_id, image_icon, created_at, updated_at) VALUES(41, 1, 'image-1674897799280.png', '2023-01-28 17:23:19.299', '2023-01-28 17:23:19.299');
INSERT INTO image (id, user_id, image_icon, created_at, updated_at) VALUES(42, 2, 'image-1674897799280.png', '2023-01-28 17:23:19.299', '2023-01-28 17:23:19.299');
INSERT INTO image (id, user_id, image_icon, created_at, updated_at) VALUES(43, 3, 'image-1674790695889.jpeg', '2023-01-28 17:23:19.299', '2023-01-28 17:23:19.299');
INSERT INTO image (id, user_id, image_icon, created_at, updated_at) VALUES(44, 4, 'image-1674790695889.jpeg', '2023-01-28 17:23:19.299', '2023-01-28 17:23:19.299');




INSERT INTO public_chat (id, user_id, sender, chat_record, chat_message_time, created_at, updated_at, receiver, is_public, room_id) VALUES(1098, NULL, 7, '??', '12:44:17', '2023-02-01 12:44:17.160', '2023-02-01 12:44:17.160', 67, NULL, NULL);
INSERT INTO public_chat (id, user_id, sender, chat_record, chat_message_time, created_at, updated_at, receiver, is_public, room_id) VALUES(1099, NULL, 7, 'ewfew', '12:44:20', '2023-02-01 12:44:20.595', '2023-02-01 12:44:20.595', 67, NULL, NULL);
INSERT INTO public_chat (id, user_id, sender, chat_record, chat_message_time, created_at, updated_at, receiver, is_public, room_id) VALUES(1100, NULL, 7, 'ewfewf', '12:44:29', '2023-02-01 12:44:29.045', '2023-02-01 12:44:29.045', 67, NULL, NULL);
INSERT INTO public_chat (id, user_id, sender, chat_record, chat_message_time, created_at, updated_at, receiver, is_public, room_id) VALUES(1101, NULL, 67, 'ewfwe', '12:44:30', '2023-02-01 12:44:30.707', '2023-02-01 12:44:30.707', 68, NULL, NULL);
INSERT INTO public_chat (id, user_id, sender, chat_record, chat_message_time, created_at, updated_at, receiver, is_public, room_id) VALUES(1102, NULL, 67, 'ewfew', '12:44:31', '2023-02-01 12:44:31.605', '2023-02-01 12:44:31.605', 68, NULL, NULL);
INSERT INTO public_chat (id, user_id, sender, chat_record, chat_message_time, created_at, updated_at, receiver, is_public, room_id) VALUES(1103, NULL, 67, 'cxbx', '12:44:52', '2023-02-01 12:44:52.442', '2023-02-01 12:44:52.442', 68, NULL, NULL);
INSERT INTO public_chat (id, user_id, sender, chat_record, chat_message_time, created_at, updated_at, receiver, is_public, room_id) VALUES(1104, NULL, 7, 'xcbxc', '12:44:54', '2023-02-01 12:44:54.976', '2023-02-01 12:44:54.976', 67, NULL, NULL);
INSERT INTO public_chat (id, user_id, sender, chat_record, chat_message_time, created_at, updated_at, receiver, is_public, room_id) VALUES(1105, NULL, 7, 'xcb', '12:44:57', '2023-02-01 12:44:57.345', '2023-02-01 12:44:57.345', 67, NULL, NULL);
INSERT INTO public_chat (id, user_id, sender, chat_record, chat_message_time, created_at, updated_at, receiver, is_public, room_id) VALUES(1106, NULL, 7, 'xcb', '12:45:00', '2023-02-01 12:45:00.813', '2023-02-01 12:45:00.813', 67, NULL, NULL);
INSERT INTO public_chat (id, user_id, sender, chat_record, chat_message_time, created_at, updated_at, receiver, is_public, room_id) VALUES(1107, NULL, 67, 'xcbbxc', '12:45:02', '2023-02-01 12:45:02.747', '2023-02-01 12:45:02.747', 68, NULL, NULL);
INSERT INTO public_chat (id, user_id, sender, chat_record, chat_message_time, created_at, updated_at, receiver, is_public, room_id) VALUES(397, 7, 7, 'sac', '14:36:57', '2023-01-31 14:36:57.972', '2023-01-31 14:36:57.972', 67, NULL, NULL);
INSERT INTO public_chat (id, user_id, sender, chat_record, chat_message_time, created_at, updated_at, receiver, is_public, room_id) VALUES(399, 7, 1, 'sdvsdv', '14:37:56', '2023-01-31 14:37:56.328', '2023-01-31 14:37:56.328', 2, NULL, NULL);
INSERT INTO public_chat (id, user_id, sender, chat_record, chat_message_time, created_at, updated_at, receiver, is_public, room_id) VALUES(400, 67, 2, 'sdvsdvsdv', '14:37:58', '2023-01-31 14:37:58.659', '2023-01-31 14:37:58.659', 1, NULL, NULL);
INSERT INTO public_chat (id, user_id, sender, chat_record, chat_message_time, created_at, updated_at, receiver, is_public, room_id) VALUES(401, 7, 1, 'dsvds', '14:38:00', '2023-01-31 14:38:00.406', '2023-01-31 14:38:00.406', 3, NULL, NULL);
INSERT INTO public_chat (id, user_id, sender, chat_record, chat_message_time, created_at, updated_at, receiver, is_public, room_id) VALUES(402, 7, 2, 'sd', '14:52:22', '2023-01-31 14:52:22.044', '2023-01-31 14:52:22.044', 3, NULL, NULL);
INSERT INTO public_chat (id, user_id, sender, chat_record, chat_message_time, created_at, updated_at, receiver, is_public, room_id) VALUES(1155, NULL, 7, '123
', '13:35:38', '2023-02-01 13:35:38.475', '2023-02-01 13:35:38.475', 67, NULL, NULL);
INSERT INTO public_chat (id, user_id, sender, chat_record, chat_message_time, created_at, updated_at, receiver, is_public, room_id) VALUES(1108, NULL, 7, 'sas', '12:49:03', '2023-02-01 12:49:03.168', '2023-02-01 12:49:03.168', 67, NULL, NULL);
INSERT INTO public_chat (id, user_id, sender, chat_record, chat_message_time, created_at, updated_at, receiver, is_public, room_id) VALUES(1109, NULL, 7, 'xcv', '12:50:30', '2023-02-01 12:50:30.042', '2023-02-01 12:50:30.042', 67, NULL, NULL);
